" ","                                                                                                                                                                                                                                                                                                                                                                                                                                                                                                                                                                                                                                                                                                                                                                                                                                                                                                                                                                                                                                                                                                                                                                                                                                                                                                                                                                                                                                                                                                                                                                                                                                                                                                                                                                                                                                                                                                                                                                                                                                                                                                                                                                                                                                                                                                                                                                                                                                                                                                                                                                                                                                                                                                                                                                                                                                                                                                                                                                                                                                                                                                                                                                                                                                                                                                                                                                                                                                                                                                                                                                                                                                                                                                                                                                                                                                                                                                                                                                                                                                                                                                                                                                                                                                                                                                                                                                                                                                                                                                                                                                                                                                                                                                                                                                                                                                                                                                                                                                                                                                                                                                                                                                                                                                                                                                                                                                                                                                                                                                                                                                                                                                                                                                                                                                                                                                                                                                                                                                                                                                                                                                                                                                                                                                                                                                                                                                                                                                                                                                                                                                                                                                                                                                                                                                                      ","ט1","","ט2","","י1","","","י2","","","י3","","","יא1","","","יא2","","","יא3","","","יב1","","יב2","","יב3","","",""
"","8.30-9.15","תנ""ך משה.  פרטני טאליאל","","תנ""ך משה","","מגמות:            ע.שיער: פרלה7   מאיה                                 שי                          אוטו-אביעד חדר 11
                      ","","","מגמות:            ע.שיער: פרלה7   מאיה                                 שי                          אוטו-אביעד חדר 11
                      ","","","מגמות:            ע.שיער: פרלה7   מאיה                                 שי                          אוטו-אביעד חדר 11
                      ","","","לשון   אפרת","",""," נעמה שירלי יהודה ועידן ומירב","","","מתמטיקה   ויקי","","","אנגלית   מריאן -8   יהודית יוסי. בת שבע- מנו","","אזרחות  אושר ","","אנגלית   מריאן -8   יהודית יוסי. בת שבע- מנו","","אלון חדר מטיאס",""
"","9.15-9.50","תנ""ך משה.  פרטני טאליאל","","תנ""ך משה ומירב","","מגמות:            ע.שיער: פרלה7   מאיה                                 שי                          אוטו-אביעד חדר 11
                      ","","","מגמות:            ע.שיער: פרלה7   מאיה                                 שי                          אוטו-אביעד חדר 11
                      ","","","מגמות:            ע.שיער: פרלה7   מאיה                                 שי                          אוטו-אביעד חדר 11
                      ","","","לשון   אפרת","",""," כישורי חיים. ליאת נעמה שירלי יהודה ועידן","","","מתמטיקה   ויקי","","","אנגלית   מריאן -8   יהודית יוסי. בת שבע- מנו","","מעגלים יעל ואושר   ","","אנגלית   מריאן -8   יהודית יוסי. בת שבע- מנו","","",""
"","10.00-10.45","היסטוריה  אליאל","","עברית  מירב","","הבעה עברית אופירה","","","מתמטיקה נעמה","","","ספרות  רעיה","","","אנגלית   מריאן -4  יהודית 3. בת שבע- ח.7","","","עברית אושר.  אלון  ומירב","","","אנגלית   מריאן -4  יהודית 3. בת שבע- מנו","","","מגמות:            ע.שיער:   10  מאיה                                 שי   אוטו-יוסי חדר 11
                      ","","מגמות:            ע.שיער:   10  מאיה                                 שי   אוטו-יוסי חדר 11
                      ","","מגמות:            ע.שיער:   10  מאיה               שירלי דביר                  שי   אוטו-יוסי חדר 11
                      ","","10.00 דורית ופרלה ",""
"","","","","","","","","","","","","","","","","","","","","","","","","","","","","","","10.00  אושר וליאת",""
"","","","","","","","","","","","","","","","","","","","","","","","","","","","","","","כדורגל",""
"","10.55-11.40","עברית  מירב","","היסטוריה אליאל פרטני נועם שלום- אליאל","","הבעה עברית אופירה","","","מתמטיקה נעמה","","","ספרות  רעיה","","","אנגלית   מריאן -4  יהודית 3. בת שבע- מנו","","","עברית אושר  ומירב","","","אנגלית   מריאן -4  יהודית 3. בת שבע- מנו","","","מגמות:            ע.שיער:   10  מאיה                                 שי   אוטו-יוסי חדר 11
                      ","","מגמות:            ע.שיער:   10  מאיה                                 שי   אוטו-יוסי חדר 11
                      ","","מגמות:            ע.שיער:   10  מאיה                                 שי   אוטו-יוסי חדר 11
                      ","","ויקי ואושר פרויקטים",""
"","11.50-12.30","תנ""ך משה","","תנ""ך משה","","כישורי חיים  רעיה ודורית","","","עברית  מירב","","","עברית אושר","","","תנ""ך  אליאל","","","מעגלים נעמה ויעל","","","לשון   אפרת שירלי איילה","","","מגמות:            ע.שיער:   10  מאיה                                 שי   אוטו-יוסי חדר 11
                      ","","מגמות:            ע.שיער:   10  מאיה                                 שי   אוטו-יוסי חדר 11
                      ","","מגמות:            ע.שיער:   10  מאיה                                 שי   אוטו-יוסי חדר 11
                      ","","יואב+ צהי",""
"","12.50-13.30","חינוך פיננסי גיא","","חינוך פיננסי גיא","","חינוך  רעיה","","","עברית  מירב","","","עברית אושר","","","תנ""ך  אליאל","","","מדעי הטכהולוגיה יואב","","","לשון   אפרת שירלי נועה ונויה","","","מגמות:            ע.שיער:   10  מאיה                                 שי   אוטו-יוסי חדר 11
                      ","","מגמות:            ע.שיער:   10  מאיה                                 שי   אוטו-יוסי חדר 11
                      ","","מגמות:            ע.שיער:   10  מאיה                                 שי   אוטו-יוסי חדר 11
                      ","","",""
"","13.40-4.20","","","","","","","","","","","","","","","","","","","","","","","","","","","","","",""