שם,קטגוריה,תת-קטגוריה,אזור,גילאים,הקשר/ציטוט,מקור,טלפון_להוספה,אתר_להוספה
"עמותת גוונים","ארגונים ועמותות","דיור / תעסוקה ופנאי לאנשים עם מוגבלות / מכינה לחיים עצמאיים / דיור בקהילה","שדרות / מודיעין / רמת גן / ראשון לציון / ירושלים (זכו במכרז ירושלים)","18-30","המכינה לחיים העצמאיים — דרור — תכנית דיור בקהילה עבור צעירים על הרצף האוטיסטי בתפקוד גבוה. מופעלת על ידי עמותת גוונים. כיום 4 סניפים.","chunk_017:j:6453","",""
"קפה דניה","ארגונים ועמותות","מקום מפגש קהילתי / מפגשי הורים","בית הכרם / ירושלים / ירושלים — בית הכרם","מבוגרים (הורים) / הורים","המפגשים על כוס קפה בקפה דניה, נתנו ונותנים לי תחושה של יחד של שייכות.","chunk_011 m:38957; chunk_012 m:43040","",""
"אס""י - פעילי הקהילה האוטיסטית בישראל","ארגונים ועמותות","ארגון אוטיסטים עצמאי","ישראל","כל הגילאים","פעילה ב'מרוצפות - אוטיסטיות כותבות' וב'אס""י - פעילי הקהילה האוטיסטית בישראל'.","chunk_021:j:23747","",""
"אס""י — קהילת אנשי הספקטרום האוטיסטי בישראל","ארגונים ועמותות","קהילה עצמית של אוטיסטים","ישראל","","תודה לאוניברסיטת בן-גוריון בנגב, אס""י - פעילי הקהילה האוטיסטית בישראל, מרוצפות — על כנס מקצועי, עשיר, מלמד","chunk_018:j:11465","",""
"ג'וינט ישראל — מעבר למוגבלות","ארגונים ועמותות","ארגון בינלאומי","ירושלים ועוד","בוגרים","דירות שותפים בירושלים, בהם יגורו סטודנטים ממוסדות אקדמיים שונים בעיר, יחד עם אנשים עם מוגבלות","chunk_016:j:2006","",""
"גל צוובנר — מנהלת מרכזי אלו""ט למשפחה","ארגונים ועמותות","ניהול מרכז לאוטיזם","ישראל","כל הגילאים","ריאיון של ד""ר גילי תמיר עם גל צוובנר, מנהלת מרכזי אלו""ט למשפחה, על דרכים להתמודדות עם המצב הביטחוני.","m:25645","",""
"מרכז למשפחה — אלו""ט","ארגונים ועמותות","מרכז תמיכה למשפחות","ארצי","כל הגילאים","המרכז, אשר מעניק תמיכה ליווי וייעוץ לעשרות אלפי משפחות של ילדים ובוגרים על רצף האוטיזם בשנה, ייסגר החל מיום 01/02/24","chunk_009:m32706","",""
"עמותת Communication First","ארגונים ועמותות","עמותה בינלאומית","ארה""ב (מוזכרת בהקשר ישראלי)","","עמותת Communication First האמריקאית היא עמותה ללא מטרות רווח, שפועלת לקידום זכויותיהם של אנשים אשר משלל סיבות מתקשרים-ללא-דיבור","chunk_017:j:5817","",""
"עמותת אהב""ה","ארגונים ועמותות","הדרכות ומידע להורים","ישראל","","עמותת אהב""ה מקיימת הרצאה נוספת בנושא: אפוטרופסות מגיל 18 בהדרכת עו""ד אמנון פיארן","chunk_017:j:6769","",""
"עמותת קהילה (באלו""ט)","ארגונים ועמותות","פורום הורים בתוך אלו""ט","","all","אני קורא לכם להציג מועמדות להנהלת 'קהילה' באלו""ט. ייצוג של ילדים על רצף האוטיזם, כאלה שאינם מתגוררים בבתים לחיים של אלו""ט","m:15200","",""
"עמותת קול הזכויות","ארגונים ועמותות","עמותה לזכויות ילדים עם צרכים מיוחדים","","all","הרצאת זום של עמותת קול הזכויות לילדים עם צרכים מיוחדים בנושא הזכויות הסיעודיות... ענבל צוקרון דמרי מנכלית העמותה","m:10189","",""
"עמותת קשר","ארגונים ועמותות","עמותה לסיוע למשפחות","ירושלים","הורים","עמותת קשר מעניקה לכם כלים אשר יאפשרו לכם להשתלב מחדש בתעסוקה, באמצעות קורסים מקוונים","chunk_015:m:53342","",""
"עמותת קשר — במיוחד בשבילכם","ארגונים ועמותות","תמיכה ופנאי למשפחות מיוחדות","ירושלים","","מחלקת שיקום בעיריית ירושלים וארגון קשר 'במיוחד בשבילכם' לכולם ובחינם! 'ביום שיגמרו המוסדות'","chunk_017:j:5959","",""
"עמותת שק""ל","ארגונים ועמותות","עמותת שיקום ושילוב","ארצי (ירושלים)","18+","שק""ל היא העמותה הראשונה שהציעה דיור כבר שנים רבות. הם מחזיקים דגמים שונים של דירות.","chunk_022:j:26293","",""
"פודקאסט 'על הרצף' — ד""ר רונית ולגרין","ארגונים ועמותות","פודקאסט — מידע להורים","אוניברסיטת רייכמן","all","פודקאסט חדש 'על הרצף' עלה לאפליקציות הפודקאסטים. אני, ד""ר רונית ולגרין ביחד עם ענת גרינבלום, אם לילד מאובחן על רצף האוטיזם ובחסות הרדיו הבינתחומי, באוניברסיטת רייכמן","m:11339","",""
"קבוצת הורים לאבחון מאוחר","ארגונים ועמותות","קבוצת תמיכה להורים","","parent support","הרשמה לקבוצת הורים לילדים בגילאי 17-25 שאובחנו מאוחר (החל מגיל 14)","m:6448","",""
"קואליציית הורים לילדים עם צרכים מיוחדים","ארגונים ועמותות","קואליציה לזכויות","","all","צוות קואליציית הורים לילדים עם צרכים מיוחדים. אנו מציעים לסייע לכם ולהעביר את הפרטים של ילדיכם למשרד החינוך כדי שיוכלו לתקן את המצב","m:646","",""
"תוכנית PreTech — קרן רשי ושותפים","ארגונים ועמותות","קרן מימון","ארצי","בוגרים","בתמיכת קרן רש""י, גוגל, משרד העבודה, קרן ביחד וקרן קראון","chunk_023 j:30072","",""
"בית ספר אפרתה - ירושלים","מסגרות חינוך","בית ספר דתי עם כיתת תקשורת / בית ספר יסודי ממ""ד / בית ספר חינוך מיוחד","ירושלים","יסודי","העדיפות הראשונה שלנו היא אפרתה, אך ביקשו שנביא עוד אופציות לעדיפות שניה","chunk_014:m49688","",""
"בית ספר ענבר","מסגרות חינוך","בית ספר / חטיבת ביניים / בית ספר עם כיתות מיוחדות","ירושלים","ילדים ונוער / חטיבת ביניים","לא ממליצה על ענבר כבית ספר לילדות עם קשיים. כמה וכמה תלמידות שלי עם סוגים שונים של קשיים לא קיבלו שם מענה.","chunk_011 m:39947","",""
"אוולינה דה רוטשילד - בית ספר תיכון","מסגרות חינוך","בית ספר תיכון / בית ספר עם כיתות תקשורת","ירושלים","תיכון / חטיבה ותיכון (ט'–י""ב)","חלוטין תפקוד גבוה אבל התמיכה כן נדרשת במהלך היום ולכיתת תקשורת יש תפקיד משמעותי גם חברתית. (באוולינה)","chunk_013:m45619","",""
"בית ספר אדם - ירושלים","מסגרות חינוך","בית ספר / בית ספר עם שילוב אישי","ירושלים","חטיבת ביניים / ילדים ומתבגרים","קיבלתי המלצה על בית ספר אדם, לגבי השילוב האישי","chunk_014:m49746","",""
"בית ספר אוולינה","מסגרות חינוך","בית ספר דתי מכיל / תיכון עם כיתות תקשורת","ירושלים","12-18 / י-יב (14-18)","אוולינה זה בית ספר בגישה דתית מאוד מקבלת... אוולינה בגדול זו מסגרת מכילה מאוד. יש מקום גם לחכמות מאוד וגם למתקשות והצוות וההנהלה גמישים ומכילים","m:16652","",""
"בית ספר המסורתי — ירושלים","מסגרות חינוך","תיכון עם כיתות תקשורת / בית ספר עם כיתת תקשורת","ירושלים","12-18 / חטיבת ביניים","אם בירושלים, ממליצה מאוד על התיכון המסורתי","chunk_018:j:10645","",""
"בית ספר מגשימים - חווה הנוער הציוני","מסגרות חינוך","בית ספר לאוטיסטים / בית ספר תיכון לחינוך מיוחד","חווה הנוער הציוני / ירושלים / חוות הנוער","גיל בית ספר / 12-21","בית ספר 'מגשימים' בחוות הנוער (לתפקוד בינוני ונמוך) בית ספר מספר אחת! הבת שלי התחילה שם כרגע שנה שביעית (זה עד גיל 21)","chunk_014:m49241","",""
"מרכז שלווה","מסגרות חינוך","מרכז חינוך מיוחד / דיור מוגן לבוגרים","ירושלים","ילדים / 18+","לגבי מרכז וראייטי, או שלווה, האם אלו מרכזים שפתוחים לפעילות חופשית/בחינם/בתשלום?","chunk_013:m45080","",""
"אוולינה","מסגרות חינוך","בית ספר ממ""ד לבנות","ירושלים","חטיבה ותיכון","נראה שיש רק באוולינה וגם שם לא בטוח שיש מקום","chunk_015:m:53312","",""
"אוניברסיטת אריאל — תוכנית שילוב","מסגרות חינוך","אוניברסיטה עם תוכנית שילוב","אריאל","18+","האם למישהי יש טלפון של התוכנית שילוב באוניברסיטת אריאל?","chunk_009:m33939","",""
"אלונים — בית ספר (ליווי תעסוקתי)","מסגרות חינוך","חינוך מיוחד","ירושלים","בני נוער","ביה""ס אלונים עובד עם אלווין שהוא סוג של זכיין. מציעה לפנות לאחראית תעסוקה בבית הספר ולהעלות את הנושא בפניה","chunk_023 j:30368","",""
"ביה""ס הניסויי","מסגרות חינוך","בית ספר ניסויי","ירושלים","י""ג","בזכות שיבוצה בכיתת תקשורת בבית הספר הניסויי בכיתה י""ג... הצליחה לעמוד בבחינות בשלוש מקצועות","chunk_015:m:52740","",""
"בית דניאלה — מסגרת יומית לנוער","מסגרות חינוך","מסגרת יומית לנוער / חווה טיפולית","ליד צור הדסה","נוער","אני מכירה אישית את המייסדת ומנהלת של בית דניאלה. נשים נפלאות שעושות עבודה קריטית עבור נוער. ממליצה בחום רב.","m:26560","",""
"בית הילדים","מסגרות חינוך","מסגרת חינוכית","ירושלים","גן ויסודי","הבנתי בזמנו ששם מטפלים יותר בשיטת ABA ושיש שילוב ממש בתוך הגן.","m:19884, m:19900","",""
"בית הספר לאומנויות — ירושלים","מסגרות חינוך","בית ספר תיכון עם כיתת תקשורת","ירושלים","י'–י""ב","הבן שלי בכיתת תקשורת באומנויות והם יודעים גם לשלב וגם לעבוד נכון בכיתת תקשורת.","m:30237","",""
"בית ספר אוולינה תהילה","מסגרות חינוך","בית ספר עם כיתת תקשורת","ירושלים","ילדים","ביה""ס אוולינה תהילה – כיתת תקשורת תפקוד גבוה. שילוב ורמה אקדמית גבוהה. הבחינה התורנית מאוד ליברלית וקלילה.","chunk_012 m:42358","",""
"בית ספר אומנויות","מסגרות חינוך","תיכון אומנויות עם כיתות תקשורת","ירושלים","12-18","הבן שלי כרגע באומנויות שם גם כיתות תקשורת טובות. מהניסיון שלנו שילוב בחטיבה מאוד מאתגר","m:12216","",""
"בית ספר אורות נווה יעקב","מסגרות חינוך","בית ספר עם כיתת תקשורת","נווה יעקב, ירושלים","ילדים","בית ספר אורות נווה יעקב","chunk_011 m:39423","",""
"בית ספר אלון שבות","מסגרות חינוך","בית ספר ממ""ד","אלון שבות, גוש עציון","יסודי","הילדים של הגוש גם מזרח וגם מערב לומדים רובם בבתי הספר במערב (באלון שבות, אפרת)","chunk_015:m:52812","",""
"בית ספר אפרתה","מסגרות חינוך","בית ספר דתי עם כיתת תקשורת","ירושלים","6-13","אפרתה בית ספר מהמם ועדיין גדול... אפרתה זה בית ספר דתי ליברלי מאוד... הבת שלי סיימה 6 שנים באפרתה,היתה בכיתה עם בנים","m:13199","",""
"בית ספר בית הכרם","מסגרות חינוך","בית ספר יסודי","ירושלים, בית הכרם","6-13","יש לי ניסיון מאוד עצוב עם בית הכרם. שני בתי הספר נחשבים לטובים... אנחנו ממש סבלנו בשילוב היחידני בבי""ס בית הכרם, למרות שהוא בי""ס מעולה","m:12116","",""
"בית ספר גאולים","מסגרות חינוך","בית ספר","ירושלים","ילדים ונוער","האם משהי מכירה את בית ספר גאולים?","chunk_011 m:38707","",""
"בית ספר הגימנסיה (העברית)","מסגרות חינוך","תיכון חילוני עם כיתות תקשורת","ירושלים","12-18","הבת שלי סיימה בגימנסיה והכיתות תקשורת שם נהדרות עם שילוב כמעט מלא... הניסיון שלנו עם הגימנסיה היה נהדר - למי שמתאים חינוך חילוני","m:12216","",""
"בית ספר הרטמן בנים","מסגרות חינוך","בית ספר דתי ליברלי עם כיתת תקשורת","ירושלים","12-18","יש כיתת תקשורת מצוינת בהרטמן בנים. בית ספר דתי ליברלי מאוד","m:13184","",""
"בית ספר זלמן ארן","מסגרות חינוך","בית ספר ממלכתי מכיל","ירושלים, תלפיות/ארנונה","6-13","בית ספר ממלכתי זלמן ארן שהפך לבית ספר מכיל השנה. הבת שלנו השתלבה שם לכיתה א ממש טוב בינתיים אחרי כמה שנים של גני תקשורת","m:12630","",""
"בית ספר חורב - ירושלים","מסגרות חינוך","בית ספר ממ""ד","ירושלים","גיל בית ספר","אם יש לביתך עיכוב לימודי ממליצה מאוד לבדוק את חורב","chunk_013:m45176","",""
"בית ספר טליה (בנות תקשורת, ממ""ד)","מסגרות חינוך","בית ספר ממ""ד לבנות","ירושלים","י-יב","יש כיתת תקשורת אחת של י-יב לבנות מחוננות/מצטיינות. הרבה מהזמן משולבות.","chunk_015:m:52215","",""
"בית ספר יובלים","מסגרות חינוך","בית ספר חינוך מיוחד","","12-18","הבת שלי היתה ביובלים וזה היה ממש בסדר. היא היתה שם כמעט 6 שנים... עם זה לשנה שנתיים עד שרגשית היא תהיה מוכנה זה טוב","m:12620","",""
"בית ספר יפה נוף","מסגרות חינוך","בית ספר משלב","ירושלים","6-13","בית ספר יפה נוף נחשב שנים למשלב... הבת שלנו היתה בבית ספר יפה נוף. זהו בית ספר משלב במהותו","m:12197","",""
"בית ספר לב הבוסתן","מסגרות חינוך","בית ספר חינוך מיוחד","קרית היובל, ירושלים","כל הגילאים","הבת הגדולה שלי לומדת בלב הבוסתן, אנחנו גרים באפרת.","m:19012, m:19015","",""
"בית ספר לוריא","מסגרות חינוך","בית ספר יסודי","קטמון, ירושלים","יסודי","הילדה לומדת בכיתה ב, בבית ספר לוריא, קטמון. מחפשים מישהו עם ניסיון טוב שיכול לעזור.","m:22163, m:18965","",""
"בית ספר לי""דה — כיתות תקשורת","מסגרות חינוך","בית ספר עם כיתת תקשורת","ירושלים","חטיבת ביניים","יש את 'לידה' — מומלץ מאוד אבל צריך להתחיל תהליך קבלה ארוך כי זה רק למחוננים ומצטיינים.","m:30260","",""
"בית ספר ניסוי — כיתת תקשורת","מסגרות חינוך","בית ספר יסודי","ירושלים","יסודי","איילת שנייר כיוונה אותי לבית ספר הניסוי שיש להם כיתה תקשורת.","m:22220","",""
"בית ספר נעורים","מסגרות חינוך","בית ספר כוללני לליקויי למידה","ירושלים","12-18","אחרי שנתיים של נועה בבית ספר נעורים (כוללני ליקויי למידה), בית ספר טוען שהוא מדבר בשפה שונה מבכיתות תקשורת","m:4840","",""
"בית ספר פולה בן גוריון","מסגרות חינוך","בית ספר יסודי עם כיתת תקשורת","ירושלים","6-13","שילוב מעולה עם ילדים בפולה בן גוריון שנחשב בית ספר 'לחוץ' || פונה בשם חברה שבתה בכתה א בתפקוד גבוה. שואלת לגבי בי""ס יסודי פולה בן גוריון","m:12196","",""
"בית ספר פלא","מסגרות חינוך","בית ספר","ירושלים","יסודי","הילד שלי לומד ב'פלא' ואני יכולה לענות לכל שאלה. אבל לפני שנתיים הפך להיות בית ספר אזורי — אז רלוונטי רק למי שגר קרוב.","m:22407, m:22445","",""
"בית ספר פרנקל","מסגרות חינוך","בית ספר ממלכתי חילוני עם כיתות משלבות","ירושלים, הגבעה הצרפתית","6-13","אנחנו חילונים ואני ממליצה מאוד על פרנקל בגבעה הצרפתית - יש שם כיתות משלבות קטנות (20 וקצת תלמידים) וצוות מדהים ומנוסה מאוד... בית ספר פרנקל ידוע מעל 30 שנה בשילוב ילדי תקשורת","m:12199","",""
"בית ספר קשת","מסגרות חינוך","בית ספר מיוחד","ירושלים","יסודי-תיכון","ב'קשת' יש כיתות נהדרות לתפקוד בינוני.","m:18600, m:22220","",""
"בית ספר קשת ירושלים","מסגרות חינוך","בית ספר יסודי ועל־יסודי משלב","ירושלים, ליד צומת פת / קטמונים","6-18","לתפקוד בינוני אני ממליצה מאוד על קשת. משלב דתי חילוני. השנה הבנות לומדות שלושה ימים יחד בכיתה דו גילאית","m:12101","",""
"בית ספר שירת חנן","מסגרות חינוך","בית ספר בגוש","גוש עציון","לא צוין","בשירת חנן בגוש הייתה בת אחת בכיתת תקשורת","chunk_015:m:52646","",""
"בית ספר תלי בית וגן","מסגרות חינוך","בית ספר משלב","ירושלים, בית וגן","6-13","יש לי ניסיון מעולה עם שילוב יחידני של שני ילדים בבית ספר תלי בית וגן. הגישה של בית הספר שמתחיל מההנהלה זה שילוב אמת","m:12195","",""
"בית ספר תלי גאולים","מסגרות חינוך","בית ספר לא דתי עם כיתת תקשורת","ירושלים","6-12","בבית ספר תלי גאולים, יש כיתת תקשורת בתפקוד גבוה שעולה לו' (אם את צריכה מסגרת לא דתית)","m:8543","",""
"גמנסיה העברית ירושלים — כיתות תקשורת","מסגרות חינוך","בית ספר תיכון עם כיתת תקשורת","ירושלים","חטיבה ותיכון","הגמנסיה — צוות מעולה, בית ספר גדול עם יתרון של מגוון מגמות רחב.","m:30260","",""
"גן קצנלסון (גן אביטל) — גן תקשורת","מסגרות חינוך","גן תקשורת","ירושלים","גיל גן","גן קצנלסון (אביטל) — גן תקשורת הכי טוב בירושלים!","m:22478","",""
"גן תקשורת חובה בכצנלסון - ירושלים","מסגרות חינוך","גן תקשורת","ירושלים","גן חובה","קיבלנו שיבוץ לגן תקשורת חובה בכצנלסון","chunk_013:m45384","",""
"גן תקשורת לופו","מסגרות חינוך","גן תקשורת","ירושלים","3-6","קיבלנו שיבוץ אפשרי לבת שלנו בגן תקשורת לופו או קצנלסון (צריך עוד להיפגש איתם לשיבוץ סופי)","m:1806","",""
"גן תקשורת קצנלסון","מסגרות חינוך","גן תקשורת","ירושלים","3-6","יש פה מישהו מהגן תקשורת בקצנלסון?... קיבלנו שיבוץ אפשרי לבת שלנו בגן תקשורת לופו או קצנלסון","m:9034","",""
"גני אלו""ט — גני תקשורת","מסגרות חינוך","גני תקשורת","ירושלים (ממלכתי וממ""ד)","3-6","לנו יש ניסיון מצוין עם הגנים של אלוט. בזמנו היו 8-10 גנים. לגני אלוט היתה מערכת תמיכה מקיפה שכללה מפגשים במרכז למשפחה","chunk_009:m33886","",""
"גני אלו""ט — ירושלים","מסגרות חינוך","גני תקשורת","ירושלים","גיל גן","גני אלו""ט בירושלים נותנים בעיני את המענה הכי מקיף בכל הארץ. יש שם ממש מעטפת טיפולית גם למשפחה.","m:19877, m:19894","",""
"גני ליפשיץ — גני תקשורת","מסגרות חינוך","גני תקשורת","ירושלים","3-6","גני ליפשיץ (דגש חזק על שילוב)","chunk_009:m33886","",""
"גני סולם — גני תקשורת חרדי","מסגרות חינוך","גני תקשורת","ירושלים","3-6","גני סולם (חרדי. Dir)","chunk_009:m33886","",""
"הוועדה לתיאום ואפיון – חינוך מיוחד","מסגרות חינוך","ועדה חינוכית","ארצי","ילדים ונוער (עד 21)","הוא לא יכול ללמוד בכיתת תקשורת אם לא עבר ועדת זכאות ואפיון עם אפיון אוטיזם.","chunk_020:j18818","",""
"ישיבת נועם","מסגרות חינוך","ישיבה דתית","","14-18","מי שכן צריך סיוע- לבנים יש בישיבת נועם שהיא מצויינת","m:13204","",""
"כיתת תקשורת בבית ספר ליד""ה - ירושלים","מסגרות חינוך","בית ספר עם כיתת תקשורת","ירושלים","חטיבת ביניים ותיכון","רק בליד""ה ובאומנויות הרגשתי שהייתה מחויבות לשילוב מלא של ילדי תקשורת ורצון אמיתי לקבל אותם","chunk_013:m45379-m45744","",""
"כיתת תקשורת — גן אוטיזם (גוש)","מסגרות חינוך","גן תקשורת","גוש עציון","3-6","פנו אלי מאלוט בבקשת עזרה למשפחה דוברת ספרדית שעלתה לארץ לאחרונה. למשפחה בן מאובחן שלומד כרגע בגן תקשורת בגוש","chunk_018:j:11002","",""
"ליד""ה (לימוד יחד)","מסגרות חינוך","תיכון חילוני עם כיתות תקשורת","ירושלים","12-18","ליד""ה - יש בכל הכיתות, בי""ס חילוני... צוות מעולה, שילוב בטווח של: שילוב מלא- כיתת תקשורת בלבד","m:17710","",""
"מגשימים — בית ספר","מסגרות חינוך","חינוך מיוחד","ירושלים","ילדים ונוער","בבית הספר של הבן שלי (מגשימים) יש להם כזה שירות [שיננית מאלווין]","chunk_023 j:30587","",""
"מדרשת הרובע","מסגרות חינוך","אולפנה דתית לאומית","ירושלים, הרובע היהודי","12-18","נראה לי שמדרשת הרובע יכולה להתאים לסגנון [דתי לאומי אולפניסטי]","m:9371","",""
"מכללת הדסה — תוכנית שילוב סטודנטים","מסגרות חינוך","מכללה עם תוכנית שילוב","ירושלים","18+","היועץ הסביר לה שזה טוב שהיא מציינת את זה ויש להן אפשרות להצמיד לסטודנט חונך מלווה במהלך השנה","chunk_009:m33401","",""
"ממ""ד הרובע","מסגרות חינוך","בית ספר ממלכתי דתי משלב","ירושלים, הרובע היהודי","6-13","אביטל הפנתה אותנו לממ""ד הרובע. היא עכשיו בכיתה ו', והיו לה שנים נהדרות. השילוב שם הוא באופן שהילד ממש לא מוחרג","m:13092","",""
"ממ""ד מקור חיים","מסגרות חינוך","בית ספר ממ""ד עם שילוב","מקור חיים, ירושלים","בית ספר יסודי","את הבאים שלחתי לממ""ד ושם מגיע הכל: סל, סייעת, הדרכה.","m:30076","",""
"מעון שיקומי","מסגרות חינוך","מעון יום שיקומי","ארצי","0-3","פעוט עד גיל 3 המבקר במעון יום שיקומי, זכאי להסעה עם ליווי למעון ובחזרה, לפי צרכיו","m:10709","",""
"מרכז וראייטי ירושלים","מסגרות חינוך","מרכז חינוך מיוחד","ירושלים","ילדים","אלה מקומות עם גני חינוך מיוחד ותוכניות טיפול שונות. לא מרכזי בילוי","chunk_013:m45084","",""
"מתי""א - מרכז תמיכה יישובי לאוכלוסייה","מסגרות חינוך","שירות פדגוגי","כפר סבא, רעננה, נתניה, שדות דרום השרון, חפר שרון","גיל בית ספר","צוותי איכות חיים ותוכניות מעבר - מתי""א כפר סבא, מת""יא רעננה, מתי""א נתניה","chunk_014:m48978","",""
"תוכנית שתילים / כיתת תקשורת דקלים","מסגרות חינוך","בית ספר ASD","","6-18","ביתי לומדת בבית ספר דקלים בו לימד אותו פדופיל שאנס ילדים חוששת מאד שביתי נפגע ממנו בהתקפי חרדה קשים","m:18090","",""
"תיכון אוניברסיטאי גבעה הצרפתית - ירושלים","מסגרות חינוך","תיכון עם כיתת תקשורת","גבעה הצרפתית, ירושלים","תיכון","הבת שלי בעברית תיכון אוניברסיטאי בגבעה הצרפתית מאוד מוצלח","chunk_014:m49214","",""
"תיכון אוניברסיטאי ירושלים","מסגרות חינוך","תיכון","ירושלים","תיכון (י-יב)","יש כיתת תקשורת עם מעטפת מושלמת, רוב היום משולבים בכיתה הגדולה, יש מקסימום 2 כיתות בכל שכבה","chunk_015:m:52674","",""
"תיכון ליד""ה — כיתת תקשורת","מסגרות חינוך","תיכון עם כיתת תקשורת","ירושלים","14-18","הבת שלי בתיכון ליד""ה בכיתת התקשורת","chunk_010:m35790","",""
"פרופ' יואב כהן","טיפולים ומטפלים","פרופסור מומחה (לא צוין תחום) / פסיכיאטר / פסיכיאטר לאבחון אוטיזם בבוגרים","ישראל","all / ילדים ומבוגרים / 18+","אנחנו ממליצים על פרופ' יואב כהן, הוא פסיכיאטר, נפגש איתנו ועם הבת שלנו (בת 32), וכתב מכתב מצוין.","m:14528","",""
"שירה שרשבסקי","טיפולים ומטפלים","קלינאית תקשורת","ירושלים / ישראל","all / ילדים / מתבגרים ומבוגרים","ממליצה מאוד על הקלינאית שירה שרשבסקי... אצל שירה היינו בעיקר למיומנויות חברתיות","m:13616","",""
"ד""ר דבורה באומן - רופאת נשים","טיפולים ומטפלים","רופאת נשים","רמות / ירושלים / ישראל","ילדות ונשים / נשים / גיל המעבר ומתבגרות","היי ממליצה על דבורה באומן במאוחדת. היא גם בכללית ד""ר באומן.","chunk_013:m45038","",""
"ד""ר זיווה לוריא","טיפולים ומטפלים","רופאת שיניים לאוטיסטים / רפואת שיניים לילדים","מבשרת ציון + קיבוץ צרעה / צרעה / מבשרת ציון / גבעת שאול — ירושלים","ילדים ובוגרים / ילדים","ד""ר זיווה לוריא. הגענו אליה אחרי שקיבלנו יחס מחפיר... היא הגיעה למצב שהבת שלי הלכה והולכת ברצון.","chunk_021:j:23871","",""
"ד""ר יעל גת קפלן — פסיכיאטרית","טיפולים ומטפלים","פסיכיאטרית ילדים / פסיכיאטרית","מבשרת ציון — קופת חולים מאוחדת / ירושלים","עד 18","לבנות אני ממליצה על דר' יעל גת קפלן. ראינו אותה המאוחדת במבשרת ציון. היינו צריכים לסיים כי הבת שלנו עברה את גיל שמונה עשרה","chunk_018:j:10414","",""
"ד""ר ערן לביא","טיפולים ומטפלים","פסיכיאטר / אנדוקרינולוגיה ילדים","הדסה / ירושלים / ירושלים + מרפאה פרטית","ילדים","ד""ר ערן לביא אנדוקרינולוג ילדים מעולה, מקבל גם בהדסה וגם במרפאה שלו","m:23003","",""
"ד""ר שלומית צפריר","טיפולים ומטפלים","פסיכיאטרית / אבחון פסיכיאטרי","מרכז 'בריאותה', מבשרת ציון","all / ילדים ונוער","אני ממליצה על שלומית צפריר כפסיכיאטרית שמאבחנת. מקבלת במרכז 'בריאותה' במבשרת ציון. איבחנה גם את הבת שלי.","m:14523","",""
"ד""ר שרית פייביש","טיפולים ומטפלים","רופאת שיניים / רפואת שיניים לילדים","ירושלים / הדסה","all / ילדים","יש רופאה מדהימה בירושלים ורגישה מאד!, עובדת הרבה עם ילדים עם צרכים מיוחדים גם בהדסה וגם במרפאה פרטית שלה. כמובן גם עם גז צחוק. ד""ר שרית פייביש","m:9858","",""
"מכון ארגמן","טיפולים ומטפלים","מכון למיניות ומוגנות / מכון טיפולי","תל אביב","10-18 / בוגרים","לאמהות שבנותיהן לקראת קבך הווסת... נעזרנו במכון ארגמן. העו""סית שלהם עשתה עבודה מעולה עד כדי כך שבתי קיבלה בפעם הראשונה בבוקר של הטיול השנתי... ממליצה בחום","m:15541","",""
"נורית רוזני – מטפלת DIR","טיפולים ומטפלים","טיפול ב-DIR / Floortime / פסיכולוגית","ישראל / ירושלים","ילדים","ממליצה בחום על נורית רוז'ני שעובדת עם מאוחדת. יכול להיות שאין אצלה מקום אך שווה לבדוק","chunk_012 m:42513","",""
"עמך","טיפולים ומטפלים","מרכז לבריאות הנפש / בריאות נפש","ירושלים – רחוב הלל / לא צוין","בוגרים","בארגון עמך שנותנים טיפולים בחינם כי הם הספק של כל הקופות חולים – יש אבחונים וגם טיפולים פסיכולוגים לצמי""ד כולל על הספקטרום, הכל בחינם.","chunk_019:j14442","",""
"תחנת החי""ש","טיפולים ומטפלים","תחנה להתפתחות הילד (עיריית י-ם) / תחנת בריאות הנפש","ירושלים / רח' החי""ש","3-12 / ילדים ומתבגרים","יש צוות טיפולי שמתמחה באוטיזם בתחנת אילן ברחוב החי""ש. נותן הדרכות הורים וטיפולים, מלווה את גני התקשורת... אם תהיו שנה הבאה בגן תקשורת של העיריה, תקבלו הדרכת הורים בתחנת החי""ש מצוות מעולה!!!!","m:668","",""
"Toni Eliashar Therapeutic Center","טיפולים ומטפלים","מרכז טיפולי","ישראל (זום)","לא צוין","Toni Eliashar Therapeutic Center is inviting you to a scheduled Zoom meeting. מיניות בקרב אנשים בוגרים בעלי צרכים מיוחדים עם יואב סידר.","chunk_021:j:22499","",""
"אדוה רגואן — מרפאה בעיסוק","טיפולים ומטפלים","ריפוי בעיסוק / וויסות חושי","ישראל","ילדים ומבוגרים","שמי אדוה, אני מרפאה בעיסוק המתמחה בעיבוד וויסות חושי אצל ילדים ומבוגרים.","m:29988","",""
"אחי""ש — תחנות לבריאות הנפש של הילד","טיפולים ומטפלים","בריאות נפש ילדים","ישראל","ילדים","תנסי לברר האם הגן מלווה על ידי אחת התחנות לבריאות הנפש של הילד והמתבגר, דוגמת אחי""ש","chunk_009:m32895","",""
"איתי צוקרמן","טיפולים ומטפלים","מטפל / מדריך הורים","","6-13","איתי צוקרמן טיפל בבן שלי, נהדר עם בנים וגם בהדרכה הורית, ליווה אותנו 5 שנים. היה מוכן להגיע לבית ספר","m:868","",""
"אלוין — בית חולים לילדים נכים","טיפולים ומטפלים","מכון רפואת שיניים לילדים עם מוגבלויות","ירושלים","12+","עד גיל 12 מטפלים מקסים בבית ספר לרפואת שיניים בהדסה עין כרם ואחרי גיל 12 גם נותנים טיפול טוב באלוין","m:9868","",""
"אליענה קופר — מטפלת בטיפול רגשי באומנות","טיפולים ומטפלים","טיפול באמצעות אומנות","ישראל","","משהי הייתה בטיפול רגשי באומנות אצל אליענה קופר ויכולה להמליץ לנו?","m:26508","",""
"בית חולים וולפסון – אשפוז יום לפעוטות","טיפולים ומטפלים","אשפוז יום","וולפסון","פעוטות","נפתח מערך אשפוז יום לפעוטות עם קשיי אכילה והאכלה שנפתח ממש בשבוע שעבר בבית חולים וולפסון.","chunk_011 m:39865","",""
"בית חולים שערי צדק — מחלקה פסיכיאטרית","טיפולים ומטפלים","מחלקה פסיכיאטרית בבית חולים","ירושלים — שערי צדק","","היה מנהל המחלקה הפסיכיאטרית בשערי צדק, פרש ומקבל באופן פרטי בקליניקה שלו בבית שמש","chunk_018:j:10403","",""
"בת ציון חירם — מטפלת","טיפולים ומטפלים","טיפול רגשי","יפה נוף, ירושלים","נוער","קיבלתי המלצה על מטפלת בשם בת ציון חירם. מקבלת ביפה נוף.","m:26398","",""
"ד""י ציפורה סקלאר - נוירולוגית ילדים","טיפולים ומטפלים","נוירולוגית ילדים","ירושלים","ילדים","למישהו יש נסיון עם הנוירולוגיות ילדים הבאות: ד""ר ציפורה סקלאר, ד""ר ירון דגני, פרופ' יהודה שפירא, ד""ר טל גלבוע לנושא הקשב וריכוז בילדי תקשורת?","chunk_013:m46002","",""
"ד""ר אודיה בנט – נוירולוגית","טיפולים ומטפלים","נוירולוגיה","מבשרת / כנפי נשרים, ירושלים","ילדים","שמעתן על נוירו בשם דר אודיה בנט? מקבלת במבשרת? לא היינו אצלה אבל לדעתי בעבר היתה מקבלת בהתפתחות הילד בכנפי נשרים.","chunk_012 m:42953","",""
"ד""ר אומנסקי — פסיכיאטרית","טיפולים ומטפלים","פסיכיאטריה","ישראל (קופת מאוחדת)","ילדים עד גיל 18","לגבי פסיכיאטרית ממש ממליצה לך על ד״ר אומנסקי והיא מקבלת עד גיל 18 אז זה מתאים.","m:30254","",""
"ד""ר אוריה צחור (פסיכולוג)","טיפולים ומטפלים","פסיכולוג","","all","ממליצה מאוד גם על ד""ר אוריה צחור פסיכולוג","m:15017","",""
"ד""ר אורנה ורדי","טיפולים ומטפלים","רופאה","מודיעין","all","ד""ר אורנה ורדי במודיעין. אולי שווה לבדוק באפי גם","m:7680","",""
"ד""ר אילת מימרן","טיפולים ומטפלים","פסיכולוגית לילדי גן","גבעת זאב","3-12","אילת מימרן היתה נהדרת בהדרכה הורית, לוותה אותנו 3 שנים... איילת פסיכולוגית ונהדרת. מקבלת בגבעת זאב... איילת מיימרן מדהימה להדרכת הורים לילדי גן","m:868","",""
"ד""ר איתי ברגר – נוירולוג","טיפולים ומטפלים","נוירולוגיה","ישראל","ילדים","ד""ר איתי ברגר לא יתן טיפול בסטימולנטים לילד על הרצף. הוא לא מתאים לשילוב של ASD+ADHD.","chunk_012 m:42947","",""
"ד""ר אסתר יפה","טיפולים ומטפלים","רופאה בכללית רמת אשכול","ירושלים, כללית רמת אשכול","all","בכללית רמת אשכול יש כמה מעולים.. מבחינת רופאה ולא רופא יש גם את ד״ר אסתר יפה... מקצועית מאוד אבל לא הייתי אומרת לבבית","m:7603","",""
"ד""ר באומן","טיפולים ומטפלים","רופאת נשים לנשים עם צרכים מיוחדים","","12+","ד""ר באומן מדהימה... ד""ר באומן באמת כזאת. אם אני זוכרת נכון, בעבר היא עבדה בארה""ב בקליניקה לנשים עם צרכים מיוחדים","m:7606","",""
"ד""ר בלס — פסיכיאטר","טיפולים ומטפלים","פסיכיאטריה","ישראל","","שילמתי לפגישה עם פסיכיאטר (ד״ר בלס) לפני חודש 1600 שח.","m:29076","",""
"ד""ר ברגר (סטרטרה)","טיפולים ומטפלים","רופא פרטי לטיפול בתרופות","","all","ניסינו פרטי אצל ד""ר ברגר, שנתן סטרטרה שלא עזרה, ולא רוצה לטפל יותר","m:1514","",""
"ד""ר ברוך קושניר","טיפולים ומטפלים","נפרולוגיה / רפואת שתן","ישראל","ילדים","אפשר להתייעץ בטלפון עם דר ברוך קושניר. לא לסבול.","chunk_011 m:40276","",""
"ד""ר גלעד הר-ציון","טיפולים ומטפלים","רופא שיניים","רחוב אלפסי, ירושלים","כל הגילאים","ד""ר גלעד הר-ציון, מקבל ברחוב אלפסי.","m:22464","",""
"ד""ר גרניט – פסיכיאטר","טיפולים ומטפלים","פסיכיאטריה","ירושלים","ילדים ונוער","אנחנו מטפלים אצלו כשהרופאה דר סימון לא מצליחה לקבל, ומרוצים ממנו. הוא מקבל בזמן בול, איש מבוגר ומעניין","chunk_011 m:38853","",""
"ד""ר דוד בלס","טיפולים ומטפלים","פסיכיאטר","ירושלים","","ממליצה מאוד גם על ד""ר דוד בלס. מוכרים במאוחדת ויש החזרים של 85%.","m:22317","",""
"ד""ר דינה מוסטבוי — רופאת עיניים","טיפולים ומטפלים","רפואת עיניים לאוכלוסיות מיוחדות","ישראל","ילדים ומתבגרים","מרפאת העיניים של ד""ר דינה מוסטבוי המתמחה בילדים עם צרכים מיוחדים. יוזמת פיילוט של הגעת רופאי עיניים מיומנים למסגרות חינוך המיוחד.","m:28895","",""
"ד""ר דנה דניאל הורביץ","טיפולים ומטפלים","מומחית","לא מפורט","לא מפורט","קישור לסדנת הזום עם ד""ר דנה דניאל הורביץ בנושא הזדמנויות ואתגרים בשימוש בטלפון הנייד.","chunk_020:j17919","",""
"ד""ר דנילביץ – פסיכיאטר","טיפולים ומטפלים","פסיכיאטריה","ירושלים","ילדים ונוער","האם מישהי מכירה את הפסיכיאטר דר דנילביץ מירושלים?","chunk_011 m:40262","",""
"ד""ר הארי הירש — אנדוקרינולוג ילדים","טיפולים ומטפלים","אנדוקרינולוגיה ילדים","ישראל","ילדים","אנחנו היינו אצל ד""ר הארי הירש. מקבל דרך מאוחדת ועוד קופות","chunk_009:m33551","",""
"ד""ר הורנרייך – רופאת נשים","טיפולים ומטפלים","רופאת נשים","ירושלים (קופ""ח מאוחדת)","מתבגרות","כנ""ל ד""ר הורנרייך","chunk_011 m:39384","",""
"ד""ר הראל תמר — רופאת עיניים","טיפולים ומטפלים","רפואת עיניים","מעלה אדומים, צ'ארלס קלור","","דר הראל תמר במעלה אדומים ובצארלס לוץ.","m:29667","",""
"ד""ר זאוי / זאווי","טיפולים ומטפלים","רופאה של גן תקשורת, תחנת החי""ש","ירושלים, תחנת החי""ש","3-12","הרופאה שם ד""ר זאוי לא מבוגרת כל כך, ונחמדה מאוד... דר זאווי מצוינת... היא יכולה לעשות תצפית ולא ממהרת להמליץ על ריטלין","m:711","",""
"ד""ר חנה בירמנס","טיפולים ומטפלים","נוירולוגית (לא ילדים)","ירושלים","18+","ד""ר חנה בירמנס מקסימה (עבדה במרפאת סטודנטים לפני עשרים וכמה שנים)... ד""ר בירמנס מעולה וגם נעימה","m:10312","",""
"ד""ר יואל כהן — שיניים בהרדמה כללית","טיפולים ומטפלים","רפואת שיניים","הר הצופים, ירושלים","ילדים","קבעתי לבית חולים הר הצופים אצל ד""ר יואל כהן… פרטי… זה היה תור ממש זריז (משהו כמו שבועיים לחכות)","chunk_009:m33951","",""
"ד""ר לינדה הראל","טיפולים ומטפלים","רופאת נשים","בני ברק, קופת חולים כללית קרית אונו","12+","ד""ר לינדה הראל, מ״מ מנהל אגף נשים ויולדות- מרכז רפואי מעייני הישועה... ד""ר הראל מקבלת פרטי בקרית אונו ובמרפאת אלעד בן יאיר בקופח כללית. היא סגנית מנהלת מחלקת נשים במעייני הישועה","m:1269","",""
"ד""ר מוטי גיני","טיפולים ומטפלים","פסיכולוג — חשוד בפגיעה מינית","","all","לגבי פסיכולוג בשם מוטי גיני, שפגע מינית בילדים אוטיסטים","m:8161","",""
"ד""ר מורן נתיב – נוירולוג","טיפולים ומטפלים","נוירולוגיה","ישראל","ילדים","אשמח להמלצה או דיס לנוירולוג... ואם מישהו יודע היכן מקבלים פרופ איתי ברגר, דר מורן נתיב","chunk_012 m:42941","",""
"ד""ר מרווה ברגמן – רופאת נשים","טיפולים ומטפלים","רופאת נשים","ירושלים (קופ""ח מאוחדת)","מתבגרות","יש את ד""ר מרווה ברגמן. מאד עדינה ומנעימה תבדקי אם היא מקבלת. במאוחדת","chunk_011 m:39383","",""
"ד""ר נועה נבות","טיפולים ומטפלים","פסיכולוגית, מומחית באוטיזם בבנות","","all","כזו מהממת ד״ר נבות, עזרה לבתי המון בתחילת הדרך... ד""ר נועה נבות מאירה את עינינו בנושא [אוטיזם בבנות]","m:351","",""
"ד""ר נעמי ניימן","טיפולים ומטפלים","מטפלת / פסיכיאטרית","לא צוין","לא צוין","אמא שביקשה להשאר בעילום שם מבקשת המלצות/דיס המלצות על ד""ר נעמי ניימן.","chunk_021:j:23162","",""
"ד""ר סול יברובסקי","טיפולים ומטפלים","פסיכיאטר","ירושלים","","תנסי את ד""ר סול יברובסקי, אשלח לך את המספר שלו.","m:22393","",""
"ד""ר עדינה יוסף","טיפולים ומטפלים","פסיכיאטרית/נוירולוגית ילדים","מאוחדת ירושלים","6-18","עדינה יוסף נהדרת. מקבלת במאוחדת... נוער במסגרת מאוחדת... היא עונה במייל למי שמטופל אצלה. וזה מעלה מאוד את הזמינות","m:6764","",""
"ד""ר ערן פיקהולץ - פסיכיאטר ילדים","טיפולים ומטפלים","פסיכיאטר ילדים","מבשרת ציון (בריאותה)","ילדים","ד""ר ערן פיקהולץ מקבל בבריאותה במבשרת","chunk_013:m45557","",""
"ד""ר פינק - פסיכיאטר ילדים לאומית","טיפולים ומטפלים","פסיכיאטר ילדים","טרומפלדור, ירושלים","ילדים","היה לנו טוב עם ד""ר פינק בקופת חולים לאומית בטרומפלדור","chunk_014:m49205","",""
"ד""ר צפריר — מבשרת","טיפולים ומטפלים","פסיכיאטר","מבשרת ציון","","דר צפריר ומבשרת","chunk_017:j:6516","",""
"ד""ר קין בנימין","טיפולים ומטפלים","פסיכיאטר ילדים — מכבי","מכבי","6-18","אם את במכבי תנסי את בנימין קין. הוא גם פסיכיאטר וגם מאבחן קשב וריכוז... אנו מאד מרוצים מד""ר קין במכבי","m:13993","",""
"ד""ר קין — פסיכיאטר ילדים","טיפולים ומטפלים","פסיכיאטריה","פסגת זאב ובית שמש (מכבי)","ילדים עד גיל 18","במכבי יש פסיכיאטר מעולה עד גיל 18, ד""ר קין. מקבל בפסגת זאב ובבית שמש. לוקח זמן לקבוע תור אבל שווה לחכות. הוא הכי טוב שפגשתי.","m:29055","",""
"ד""ר קלבנוב — פסיכיאטרית","טיפולים ומטפלים","פסיכיאטריה","ישראל (קופת מאוחדת)","","יש לנו את דר קלבנוב מקסימה.","m:29300","",""
"ד""ר קרמן (שם לא ברור)","טיפולים ומטפלים","רופא (נראה גסטרו/ילדים)","","all","ואני אפנה חד""ר וילשנסקי [בהקשר עצירות וכאבים]","m:3257","",""
"ד""ר קרן רבקין נודלמן","טיפולים ומטפלים","פסיכולוגית שיקומית","ירושלים","ילדים ונוער","ד""ר קרן רבקין נודלמן פסיכולוגית שיקומית. מדריכת רכזות טיפול בגני אלו""ט.","m:23699","",""
"ד""ר רגב — שערי צדק","טיפולים ומטפלים","רופא שיניים / כירורג פה","שערי צדק, ירושלים","ילדים ומבוגרים","בתי עברה עקירת 4 שיני בינה בהרדמה כללית בשערי צדק על ידי ד""ר רגב. אין מילים לתאר את החוויה הטובה.","m:18450","",""
"ד""ר רקפת לוין גונן","טיפולים ומטפלים","עובדת סוציאלית / חוקרת","ישראל","הורים + ילדים","עדי גינאינסקי ועו""ס ד""ר רקפת לוין גונן — מחכים לכם עם הקפה.","m:25717","",""
"ד""ר שלמה קסטן","טיפולים ומטפלים","פסיכיאטר","","all","מישהי בקבוצה מכירה פסיכיאטר בשם ד""ר שלמה קסטן?","m:15233","",""
"דיאטנית רננה גודמן – מאוחדת","טיפולים ומטפלים","דיאטנית","לא מפורט","לא מפורט","יש את הדיאטנית רננה גודמן במאוחדת. ממליצה עליה, לצערי רק במאוחדת.","chunk_020:j18227","",""
"הדס סיוון לב — פסיכולוגית","טיפולים ומטפלים","פסיכולוגיה קלינית","ישראל","","האם מישהי מכירה, יש לה ניסיון עם הפסיכולוגיות נטע וגנר, הדס סיוון לב ועדי שאנן?","m:25977","",""
"הדסה — מרפאות חוץ","טיפולים ומטפלים","בית חולים","ירושלים — כניסה מדייווידסון","כל הגילאים","כשמבקרים במרפאות חוץ יש להחתים במזכירות המרפאה טופס אישור על ביקור במרפאה. עם זה ניגשים למודיעין במבואה הראשית... נותן שובר הנחה לחניה","chunk_023 j:29737","",""
"הילה נויפלד","טיפולים ומטפלים","מרפאה בעיסוק — שיטת DIR","ירושלים","6-18","אנחנו מרוצים מאוד עם מרפאה בעיסוק הילה נויפלד, מטפלת בבת שלי מכיתה ד' עד עכשיו - כיתה ט'. מכירה בנות היטב. מטפלת בשיטת DIR","m:6165","",""
"הילה שושני","טיפולים ומטפלים","מטפלת רגשית בתנועה","ירושלים, בית הכרם","all","יש גם מטפלת רגשית בתנועה נהדרת בשם הילה שושני. בבית הכרם, ממש מול התחנה של הרכבת הקלה","m:17084","",""
"טובלה קירשנבוים — פסיכולוגית","טיפולים ומטפלים","פסיכולוגיה קלינית","ישראל","","האם מישהי בקבוצה מכירה את הפסיכולוגית טובלה קירשנבוים?","m:26343","",""
"יהודית וייס","טיפולים ומטפלים","מטפלת","","all","הבת הגדולה שגם היא בתפקוד גבוה הולכת ל *יהודית וייס* הנהדרת","m:1873","",""
"יואב סידר","טיפולים ומטפלים","עוסק סוציאלי קליני מטפל מיני","מקוון (זום)","18+","הרצאה בנושא: מיניות בקרב אנשים בוגרים בעלי צרכים מיוחדים, עו""ס קליני מטפל מיני: יואב סידר.","chunk_021:j:22298","",""
"יעל להמן","טיפולים ומטפלים","מנחת קבוצות הורים","מרכז משפחה אלוט ירושלים","all","יש דרך אלו״ט. השנה היינו בקבוצה שהנחתה יעל להמן והיא עזרה מאוד... יעל להמן פותחת קבוצת תמיכה להורים לבנות על הרצף","m:664","",""
"יערה גרינשטיין","טיפולים ומטפלים","קלינאית תקשורת מדריכה","ירושלים","all","יערה גרינשטיין זאת הקלינאית תקשורת הכי טובה מכל מי שפגשתי בתחום ב15 שנים האחרונות... מדריכה מדהימה, קלינאית תקשורת בהכשרה ואחראית על ההדרכות במשרד החינוך של ילדים משולבים","m:6352","",""
"מאירה ברנע","טיפולים ומטפלים","מנחת סדנאות ילדים בזום","זום","6-13","אני ממליצה על מאירה ברנע, שעושה סדנאות ילדים בזום. הבת שלי (סה״כ בת 10) סיימה סדנה איתה ומיד ביקשה להרשם לסדנת המשך. יש לה גישה נהדרת לילדים","m:6875","",""
"מוריה צנירו — תזונאית","טיפולים ומטפלים","תזונאית קלינית","ירושלים / קרית ארבע","ילדים ומתבגרים","אנחנו ראינו את מוריה צנירו, מקבלת מאוחדת ירושלים / קרית ארבע. ממש הבינה את הבת שלנו.","m:23046","",""
"מיכל פוקס — מטפלת","טיפולים ומטפלים","מטפלת (לא הוגדר סוג)","ירושלים","בוגרות (25+)","אשמח לשמוע בפרטי קצת מידע על מיכל פוקס מטפלת. איך היא, לטוב ולפחות טוב","chunk_015:m:52704","",""
"מכון אלפא בריין - נוירופידבק","טיפולים ומטפלים","טיפול נוירו-פידבק","ישראל","ילדים ומבוגרים","יש כאן למישהי ניסיון עם טיפול ניורו פידבק של מכון אלפא בריין? לא עזר בכלל לקשב, הוריד מעט חרדות לזמן מה. ביחס להשקעה - זה לא שווה בעיניי","chunk_013:m45282-m45298","",""
"מכון סאמיט","טיפולים ומטפלים","שיקום נפשי","לא צוין","בוגרים","ריטה קוטק עובדת סוציאלית קלינית בעלת נסיון עשיר בתחום השיקום (מכון סאמיט) ובטיפול פרטני (מכון טל)","chunk_024 j:35455","",""
"מכון קאסל","טיפולים ומטפלים","מכון לטיפול נפשי","ירושלים","לא צוין","עמך עושים טיפול נפשי בחינם דרך כל הקופה. גם מכון קאסל.","chunk_021:j:23040","",""
"מרכז SocialMind / ד""ר קרן שגיב פרידגוט","טיפולים ומטפלים","מרכז טיפול PRT (Pivotal Response Treatment)","","3-12","מפגש עם ד״ר קרן שגיב פרידגוט וצוות SocialMind. קרן- רופאת ילדים מומחית מוסמכת PRT- Pivotal Response Treatment, ואמא לשני ילדים עם אוטיזם","m:4693","",""
"מרכז בריאות הנפש מעלה אדומים","טיפולים ומטפלים","מרפאת בריאות נפש","מעלה אדומים","ילדים ומבוגרים","תתקשרי למרכז בריאות הנפש במעלה אדומים","chunk_013:m45151","",""
"מרכז לחינוך מיני - שק""ל","טיפולים ומטפלים","חינוך מיני לאנשים עם מוגבלות","ירושלים","18+","מרכז לחינוך מיני – ליווי והדרכה בתחום.","chunk_022:j:26780","",""
"מרכז רפואי מעייני הישועה — אגף נשים","טיפולים ומטפלים","אגף נשים ויולדות — בית חולים","בני ברק","12+","מ""מ מנהל אגף נשים ויולדות- מרכז רפואי מעייני הישועה","m:5050","",""
"מרפאה בעיסוק נעמי צמרת","טיפולים ומטפלים","ריפוי בעיסוק","ירושלים","ילדים","האם מישהי מכירה את המרפאה בעיסוק נעמי צמרת? ומי יכולה להמליץ על מרפאה בעיסוק שעובדת בשיטת ה-DIR","chunk_009:m33634","",""
"מרפאת 'להתבגר יחד' — המכון להתפתחות הילד בשיבא","טיפולים ומטפלים","מרפאת מתבגרים","שיבא, תל השומר","מתבגרים","מרים דלה טורה, פסיכולוגית שיקומית מומחית, מנהלת מרפאת 'להתבגר יחד', למתבגרים על הרצף האוטיסטי, המכון להתפתחות הילד בשיבא.","m:22888","",""
"מרפאת DVI — מקור חיים","טיפולים ומטפלים","רפואת שיניים לאנשים עם מוגבלויות","מקור חיים, ירושלים","ילדים עד גיל 26, דרגת זכאות א","יש מרפאה מיוחדת במקור חיים. נקראית DVI. אפשר לבקש הפניה מהעוס. מיועד לילדים וצעירים עד גיל 26 בדרגת זכאות א.","m:25639","",""
"מרפאת גסטרו לאוטיסטים (אג""ס)","טיפולים ומטפלים","מרפאה מיוחדת","לא צוין","לא צוין","יש מרפאת גסטרו לאוטיסטים (אג""ס), לא יודעת אם גם מטפלים בזה","chunk_015:m:53052","",""
"מרפאת הפרעות אכילה — הדסה","טיפולים ומטפלים","מרפאה","הדסה, ירושלים","נוער ובוגרים","בהדסה יש מרפאה שנחשבת טובה","chunk_015:m:53307","",""
"מרפאת הפרעות אכילה — שערי צדק","טיפולים ומטפלים","מרפאה","שערי צדק, ירושלים","נוער ובוגרים","יש מרפאה בשערי צדק, מכירות?","chunk_015:m:53295","",""
"מרפאת מאוחדת - בריאות הנפש אגריפס","טיפולים ומטפלים","מרפאת בריאות נפש","אגריפס, ירושלים","ילדים ומבוגרים","היינס - דרך מאוחדת בריאות הנפש אגריפס","chunk_013:m45018","",""
"מרפאת מאוחדת גילה","טיפולים ומטפלים","מרפאת פסיכיאטרית","גילה, ירושלים","ילדים","לרנר - מקבל במרפאת מאוחדת גילה","chunk_013:m45018","",""
"מרפאת מתבגרות – שערי צדק","טיפולים ומטפלים","רפואת מתבגרות","שערי צדק, ירושלים","מתבגרות","יש מרפאת מתבגרות גם בשערי צדק אני הייתי עם הבת שלי על הרצף","chunk_011 m:39381","",""
"מרפאת שיניים אלווין - קרית יובל","טיפולים ומטפלים","מרפאת שיניים לצרכים מיוחדים","קרית יובל, ירושלים","ילדים ומבוגרים","הילד שלי כבר כמה שנים מטופל במרפאת שיניים של אלווין בקריית יובל. זו מרפאה מעולה... לא צריך לעבור דרך הרווחה כדי להגיע לשם","chunk_014:m49772","",""
"נורית נתיבי - קלינאית תקשורת","טיפולים ומטפלים","קלינאית תקשורת","תלפיות, ירושלים","ילדים","ממליצה על נורית נתיבי שעובדת גם בתלפיות ועם מאוחדת","chunk_013:m45015","",""
"נורית נתיבי שיינין","טיפולים ומטפלים","קלינאית תקשורת","","all","עכשיו מטופלים אצל נורית נתיבי שיינין, בעיקר בנושא הגייה. מרוצים ממנה","m:15651","",""
"נטע וגנר — פסיכולוגית","טיפולים ומטפלים","פסיכולוגיה קלינית","ישראל","","האם מישהי מכירה, יש לה ניסיון עם הפסיכולוגיות נטע וגנר, הדס סיוון לב ועדי שאנן?","m:25977","",""
"סבא ג'ק — רכיבה טיפולית / בע""ח","טיפולים ומטפלים","רכיבה טיפולית / טיפול בבעלי חיים","ישראל (לא צוין מיקום מדויק)","ילדים","ממליצה על סבא ג'ק. ספציפית היינו אצל טליה בסבא ג'ק והיא מעולה","chunk_010:m36777","",""
"עדי שאנן — פסיכולוגית","טיפולים ומטפלים","פסיכולוגיה קלינית","ישראל","","האם מישהי מכירה, יש לה ניסיון עם הפסיכולוגיות נטע וגנר, הדס סיוון לב ועדי שאנן?","m:25977","",""
"עמותת אגס — מרפאת גסטרו ספציפית","טיפולים ומטפלים","ארגון בריאות","ישראל","ילדים","יש מרפאת גסטרו לאוטיסטים (אג""ס)","chunk_015:m:53052","",""
"עמי לביא","טיפולים ומטפלים","עובד סוציאלי","","all","עמי לביא שמעתי הקצאות שלו - הוא עובד סוציאלי - ולא אהבתי. חוויתי את הגישה שלו כלא רואה באנשים על הרצף ממש שווי ערך לעצמו","m:6957","",""
"ענת אראל","טיפולים ומטפלים","מטפלת","לא צוין","לא צוין","ממליצה מאוד על ענת אראל.","chunk_021:j:22345","",""
"פרויקט 'קומי אורי' — טיפול מוזל לנפגעות תקיפה מינית","טיפולים ומטפלים","טיפול נפשי מסובסד","ירושלים","נשים","פרויקט 'קומי אורי' — טיפול פרטני מוזל בעלות מוזלת. עלות הטיפול היא עד 180 ש""ח לפגישה. Kumiory2626@gmail.com","m:18993","",""
"פרופ' דוד צנגן","טיפולים ומטפלים","פסיכיאטר","ירושלים","ילדים ומתבגרים","או אם צריך פרופסור — דוד צנגן. שניהם טיפלו בנו נהדר שנים.","m:23004, m:22999","",""
"פרופ' יהודה שפירא - נוירולוג","טיפולים ומטפלים","נוירולוג ילדים","ירושלים","ילדים ונוער","בקופה הציעו את פרופ' יהודה שפירא. מה דעתכן?","chunk_013:m45812","",""
"פרופ' צדיק — רשל""צ","טיפולים ומטפלים","פסיכיאטר","ראשון לציון","","אנחנו הלכנו לפרופ' צדיק ברשל""צ, אבל כבר לפני עשור סיימנו אצלו.","m:22981","",""
"פרופ' צנגן — הדסה","טיפולים ומטפלים","אנדוקרינולוגיה ילדים","הדסה, ירושלים","ילדים","אנחנו מטופלים אצל פר צנגן בהדסה, מקצועי מאוד. ממליצה בחום","chunk_009:m33529","",""
"פרופ' רולידר","טיפולים ומטפלים","איש טיפול / מחקר ABA","","all","לי תודה על הסרט על פרופ' רולידר. אני בהלם!","m:8178","",""
"פרופסור ווטמברג - נוירולוג","טיפולים ומטפלים","נוירולוג","כפר סבא","ילדים ומבוגרים","פרופסור ווטמברג מכפר סבא מאוד נחשב","chunk_013:m45817","",""
"רומן מלמד — MRI ללא הרדמה לילדים, איכילוב","טיפולים ומטפלים","רדיולוג / מכון MRI","בית חולים איכילוב, תל אביב","ילדים","צוות מדהים בהובלת רומן מלמד שלקחו על עצמם את המשימה לעשות MRI לילדים ותינוקות בלי צורך בהרדמה. תוך כמה דקות קיבלתי ממנו תמונה של זימון תור.","m:19480","",""
"שירה בהריר","טיפולים ומטפלים","קלינאית תקשורת","","3-6","שירה בהריר, טיפלה בבת שלי בשנות החיים הראשונות, הכניסה לחיינו את התת״ח שעזר לה","m:15651","",""
"שרון פיקר – דיאטיקנית לרצף","טיפולים ומטפלים","דיאטנית","תל אביב","לא מפורט","האם מישהו מכיר ויכול לחבר אותי להורי בוגרי תקשורת בתל אביב?","chunk_020:j18840","",""
"תל""ם — קופות החולים","טיפולים ומטפלים","בריאות נפש","ארצי","כל הגילאים","יש את תל""ם לקופות החולים עם התחייבות והפניית רופא","chunk_024 j:31069","",""
"פרופ' קורי שולמן","אבחון והערכה","ראש המרכז לאוטיזם / אוניברסיטה העברית / מחקר ואקדמיה / חוקר ומאבחן אוטיזם / חוקרת / מטפלת בתחום אוטיזם / מחקר ואבחון","ירושלים / האוניברסיטה העברית / ישראל / ירושלים (האוניברסיטה העברית)","all / מגוון / ילדים ומבוגרים / לא צוין / 6-12 / בנות","פרופ' קורי שולמן, ראש המרכז לאוטיזם, האוניברסיטה העברית... קורי שולמן אמרה לי שהיא סומכת על אורית יפה... ד״ר שולמן זיהתה את הלקות תקשורת בדקות","m:5095","",""
"ד""ר דניאל מאיר","אבחון והערכה","פסיכיאטר / פסיכיאטריה / פסיכיאטר לתיקוף אוטיזם","ירושלים / ירושלים (שערי צדק + פרטי) / לא צוין","16+ / בנות על הרצף / בגיל 18 / 18+ / בוגרים / מתבגרים / בוגרים צעירים","יעל להמן המליצה לי לצורך דו""ח תפקודי ללישכת גיוס על הפסיכיאטר ד""ר דניאל מאיר... ד״ר דניאל מאיר רופא מקצועי ונפלא!","m:9744","",""
"ד""ר אסף כספי (תל אביב)","אבחון והערכה","מאבחן / פסיכיאטר לאבחון אוטיזם בבוגרים","תל אביב / ישראל","all / 18+","יעל להמן הציעה לי את ד""ר אסף כספי בתל אביב. מישהי מכירה? לא נראה לי שהוא מומחה לאוטיזם","m:17405","",""
"ד""ר נורית פלזנטל ברגר","אבחון והערכה","מאבחנת / פסיכולוגית","ירושלים","all / לא צוין","האם יש למישהי נסיון עם הפסיכולוגית נורית פלזנטל ברגר?","m:1318","",""
"ד""ר עינת אבני","אבחון והערכה","פסיכולוגית מאבחנת / מאבחנת אוטיזם","לא מפורט / לא צוין","לא מפורט / לא צוין","פנתה אלי אמא לגבי חוות דעת על ד""ר עינת אבני לצורך אבחון אוטיזם ואבחנה מבדלת.","chunk_020:j18456","",""
"דיצה צחור","אבחון והערכה","מאבחנת / אבחון פסיכולוגי לאוטיזם","אסף הרופא / צריפין","ילדים","יש המלצה אבל לא בירושלים — אצל דיצה צחור באסף הרופא שהיא מעולה.","m:23481","",""
"מכון סול","אבחון והערכה","מכון אבחון פרטי / מכון אבחון ASD","ישראל (לא ירושלים / ייתכן שלוחה) / לא מפורט","ילדים ונוער / בוגרים (18+)","הורה רוצה לדעת האם מכון סול מומחים לאבחון ASD מעל גיל 18. האם הם מתמחים גם עם בנות?","chunk_012 m:42257","",""
"מכון פוירשטיין","אבחון והערכה","מכון אבחון מוכר / זוגיות ותמיכה חברתית","רחביה / ירושלים / ירושלים — בנייני וולפסון","כל הגילאים / בוגרים","בפויירשטיין יש להם תוכנית חזון לזוגיות לצמי""ד לרווקים, לזוגות, ולנשואים. התוכנית מצויינת!!! ממליצה מאד. מנסיון. לא יקר.","chunk_022:j:26163","",""
"אורי דאר","אבחון והערכה","פסיכולוג מאבחן","ירושלים","","מכירות פסיכולוג ירושלמי בשם אורי דאר? לאבחון אוטיזם. ממליצה מאד על אורי! חושבת שיש לו נסיון גם עם בנות.","m:23135, m:23140","",""
"אוריברסיטת אריאל — אבחון","אבחון והערכה","אבחון אוניברסיטאי","אריאל","","לכן רציתי אבחון חדש מאוניברסיטת אריאל אבל הם לא הסכימו.","m:28737","",""
"גוני לוין (עין כרם)","אבחון והערכה","מאבחנת והדרכת הורים","עין כרם","all","האם מישהי מכירה את גוני לוין מעין כרם? לאבחון ולהדרכת הורים","m:920","",""
"ד""ר אורית יפה","אבחון והערכה","מאבחנת","ירושלים","all","פעם קורי שולמן אמרה לי שהיא סומכת על אורית יפה","m:923","",""
"ד""ר איגור ברש – פסיכיאטר מכבי","אבחון והערכה","פסיכיאטר","נס ציונה – מכבי","לא מפורט","בזמנו הלכנו לפסיכיאטר במכבי (נראה לי בנס ציונה) בשם ד""ר איגור ברש שהבנתי שהוא ממש מומחה בתחום.","chunk_019:j15677","",""
"ד""ר אקרמן","אבחון והערכה","רופאה","","all","הצלחנו מאוד עם ד""ר אקרמן, לא יודעת איפה היא מקבלת","m:1266","",""
"ד""ר אקשטיין","אבחון והערכה","התפתחות הילד / אבחון ASD","ירושלים","ילדים","ד""ר אקשטיין היא גם בהתפתחות הילד כללית, אולי זה שהיא גם בקופה יעזור","chunk_012 m:42171","",""
"ד""ר גולדנבאום","אבחון והערכה","פסיכולוגית/מאבחנת אוטיזם","לא צוין","ילדים ומתבגרים","היא מאבחנת מקצועית מאד והמטפלת הרגשית של הבת שלי. זו המומחיות שלה, היא ד'ר לאוטיזם.","chunk_009:m32604","",""
"ד""ר דגני נוירולוג","אבחון והערכה","נוירולוג ומאבחן קשב וריכוז","ירושלים, רמות","all","בעבר היינו אצל ד""ר דגני נוירולוג ומאבחן קשב וריכוז, מקצועי מאוד. היתה לו קליניקה בשכונת רמות","m:13991","",""
"ד""ר ז'אק אייזנברג","אבחון והערכה","פסיכיאטר ביטוח לאומי","ירושלים","לא צוין","מישהי היתה באבחון פסיכיאטרי בביטוח הלאומי אצל ז'אק אייזנברג ויכולה לומר איך היה?","chunk_015:m:53890","",""
"ד""ר טלי גב","אבחון והערכה","מאבחנת","","all","ד""ר טלי גב [ברשימת 20 המאבחנים]","m:6928","",""
"ד""ר טמיר אפשטיין","אבחון והערכה","פסיכיאטר","","all","ד""ר טמיר אפשטיין יכול לקבל אותנו רק בזום, והבן שלי מעדיף פנים אל פנים... נתן הרצאה עם קורי שולמן ב2021","m:13800","",""
"ד""ר טננבאום ז""ל","אבחון והערכה","פסיכיאטר/רופא מאבחן","מכון להתפתחות הילד","3-12","ד״ר טננבאום ז״ל שהיה יחד איתה באבחון היה מקסים... ד״ר טננבאום היה ממש ההיפך ממנה... אנושי, רגיש","m:856","",""
"ד""ר יהודה פולק","אבחון והערכה","מאבחן","","all","ד""ר יהודה פולק [ברשימת 20 המאבחנים של אלו""ט]","m:6928","",""
"ד""ר יונה קרוגר – נוירולוגית מאוחדת","אבחון והערכה","נוירולוגיה","ירושלים (קופ""ח מאוחדת)","ילדים","ד""ר יונה קרוגר ממאוחדת. אם מישהי מכירה אשמח שתכתוב לי בפרטי","chunk_012 m:42177","",""
"ד""ר יעל גולדפרב — פסיכולוגית תעסוקתית","אבחון והערכה","פסיכולוגית תעסוקתית","ישראל","18+","נציגות מכללת גל ובכללן ד""ר יעל גולדפרב, פסיכולוגית תעסוקתית המומחית בתחום האוטיזם ועבודה","chunk_018:j:11177","",""
"ד""ר ליטל בר לב – מכון ברוקדייל","אבחון והערכה","חוקרת","ישראל","כל הגילאים","את הנתונים תציג ד""ר ליטל בר לב, חוקרת מומחית בכירה – ראש צוות מוגבלות, מכון ברוקדייל.","chunk_020:j18628","",""
"ד""ר מלצר אילת – הדסה עין כרם","אבחון והערכה","פסיכיאטריה / אבחון ASD","הדסה עין כרם, ירושלים","ילדים ונוער","מישהי שמעה על ד""ר מלצר אילת בהדסה עין כרם ויכולה לומר אם היא מאבחנת גם טובה לבנות בתפקוד גבוה?","chunk_012 m:42344","",""
"ד""ר סיון אקשטיין - כללית התפתחות הילד תלפיות","אבחון והערכה","פסיכולוגית אבחון","תלפיות, ירושלים","ילדים","היא אבחנה את הבת שלי יחד עם ד""ר סיון אקשטיין בכללית התפתחות הילד תלפיות. שתיהן מאוד מקצועיות","chunk_013:m45043","",""
"ד""ר עדה יעל וייסברג","אבחון והערכה","מאבחנת","","all","ד""ר עדה יעל וייסברג [ברשימת 20 המאבחנים]","m:6928","",""
"ד""ר עומר בר יוסף","אבחון והערכה","פסיכיאטריה / נוירולוגיה","ישראל","ילדים","בזמנו עם הבן עזר לנו דר' עומר בר יוסף (הוא לא נותן יותר אבחנות בקליניקה הפרטית, אבל כן תחת איזשהו בית חולים)","chunk_012 m:42275","",""
"ד""ר עינב שולמן","אבחון והערכה","פסיכולוגית מאבחנת","הרצליה","","הגעתי להרצליה קיבלתי אבחון מאוד מרשים ומקצועי. קוראים לה דר' עינב שולמן.","m:23652","",""
"ד""ר פרידנזון שימרית","אבחון והערכה","רופאה/פסיכיאטרית","","all","זה מאמר של ד״ר פרידנזון שימרית מספטמבר 2020","m:6204","",""
"ד""ר שלומית לוי – הדסה","אבחון והערכה","פסיכיאטריה / אבחון ASD","הדסה עין כרם, ירושלים","ילדים","נכנסו לתור בהדסה (לד""ר שלומית לוי) – אבל לא יכלו להגיד מתי התור שלנו...חיכינו חצי שנה","chunk_012 m:42228","",""
"הבית של טלי (טלי וישנו)","אבחון והערכה","אבחון פסיכולוגי","ירושלים","ילדים ומתבגרים","המלצתי אתמול על הבית של טלי, יש לה שם גם אפשרות לאבחון פסיכולוגי","chunk_009:m32785","",""
"הדסה עין כרם - פסיכיאטריה","אבחון והערכה","בית חולים","עין כרם, ירושלים","ילדים","היא אובחנה גם בהדסה עין כרם אצל פסיכיאטרית וגם אצל פסיכולוגית במקום אחר מוכרת","chunk_014:m49633","",""
"הדסה עין כרם — אבחון ASD","אבחון והערכה","אבחון אוטיזם","ירושלים","כל הגילאים","5000 ש""ח זה אבחון מלא בהדסה עין כרם או בסולם, כולל האבחון הנוירו'/פסיכיאטרי","chunk_009:m32621","",""
"הדסה עין כרם — מחלקה נוירו-פסיכולוגית","אבחון והערכה","נוירופסיכולוגיה","ירושלים, עין כרם","בוגרים","למישהו יש הכירות או ניסיון עם המחלקה הנוירו-פסיכולוגית בהדסה עין כרם?","chunk_023 j:30217","",""
"ליאור בן שטרית - פסיכולוגית מאבחנת","אבחון והערכה","פסיכולוגית אבחון","ירושלים","ילדים","ליאור מומלצת מאוד מקצועית ומהממת. היא אבחנה את הבת שלי בכללית התפתחות הילד תלפיות","chunk_013:m45043-m45050","",""
"מחמוד עסאלה","אבחון והערכה","פסיכולוג ביטוח לאומי","ביטוח לאומי","all","הפסיכולוג של ביטוח לאומי מחמוד עסאלה... הוא טען שהילדה לא אוטיסטית אלא עם בעיות רגשיות. כשביקשנו את הפרוטוקול שרשם ראינו בו כמה סתירות","m:8209","",""
"מיכל אלטמן","אבחון והערכה","פסיכולוגית התפתחותית","","3-12","מיכל אלטמן פסיכולוגית התפתחותית","m:6957","",""
"מכון סולם","אבחון והערכה","אבחון אוטיזם","ישראל","כל הגילאים","5000 ש""ח זה אבחון מלא בהדסה עין כרם או בסולם, כולל האבחון הנוירו'/פסיכיאטרי","chunk_009:m32621","",""
"מכון שרל פאול פוקס","אבחון והערכה","מכון אבחון","ישראל","ילדים ונוער","במכון של שרל פאול פוקס יש גם נוירולוג שיכול לחתום על אבחון התקשורת של פוקס?","chunk_012 m:42170","",""
"מרים שריקי","אבחון והערכה","מאבחנת התפתחותית (גן — כיתות א-ב)","ירושלים","3-8","מרים שריקי לא זכורה לי לטובה... טראומה ממנה... מרים שריקי לא האמינה שהבת שלי אוטיסטית... לעומת זאת, ד״ר שולמן זיהתה את הלקות תקשורת בדקות","m:856","",""
"מרכז התפתחות הילד – כנפי נשרים","אבחון והערכה","מרכז התפתחות הילד","כנפי נשרים, ירושלים","פעוטות וילדים","בעבר היתה מקבלת בהתפתחות הילד בכנפי נשרים","chunk_012 m:42957","",""
"נעמה גרינוולד","אבחון והערכה","פסיכולוגית מאבחנת","ירושלים, ארנונה","all","נעמה גרינוולד מקבלתת בארנונה בדרום ירושלים. לבת שלי לא היתה כימיה איתה. לא אומר שלאחרים לא תהיה","m:6957","",""
"נעמה קרויזר – נוירופסיכולוגית","אבחון והערכה","נוירופסיכולוגיה","ישראל","ילדים ונוער","נוירופסיכולוגית טובה נעמה קרויזר","chunk_012 m:42136","",""
"עדי קריף נבון — אבחון דידקטי","אבחון והערכה","מאבחנת דידקטית","ירושלים","ילדים ונוער","ממליצה על אבחון דידקטי בנוסף לאוטיזם... עשינו אצל חברת הקבוצה פה עדי קריף נבון","chunk_015:m:52616","",""
"פרופ' חנוך קסוטו — וריאייטי ירושלים","אבחון והערכה","מאבחן אוטיזם","ירושלים (וריאייטי)","ילדים ומבוגרים","לא באזור המרכז, אבל מומחה באיבחון גבוליים ולא רק — פרופ' חנוך קסוטו, ווראייטי ירושלים","chunk_016:j:3297","",""
"רחלי רוזן אלמוג — מאבחנת אוטיזם","אבחון והערכה","מאבחנת אוטיזם למבוגרים","לא צוין","מבוגרים","ממליצה על רחלי רוזן אלמוג לאבחון אוטיזם - מבוגרים","chunk_010:m35820","",""
"רעיה (התאמות ובגרות)","אבחון והערכה","מאבחנת — התאמות בבגרות","","12-18","לנו רעיה דווקא עזרה ברשימת ההתאמות שרשמה שהילדה צריכה... נחשבת האמת אחת הכי טובות. לגבי הנושא של אמפתיה- מן הסתם בגלל זה היא לא פנתה לתחום הטיפולי אלה לתחום האבחוני","m:9996","",""
"רעיה ורטמן","אבחון והערכה","נוירופסיכולוגית","ירושלים","לא צוין","נוירופסיכולגית רעיה ורטמן. היא פסיכולוגית, לא נירולוגית. מעל גיל 18 חייבים פסיכיאטר - המלצותיה אינן מתקבלות.","chunk_022:j:26274","",""
"צמי""ד ירושלים – מחלקת פנאי","שירותים לבוגרים","פנאי ותרבות / מסגרת תמיכה ופנאי לבוגרים עם מוגבלות / קהילת הורים","ירושלים","בוגרים 18+ / 18+ / כל הגילאים","בשעה טובה הקורס ישומי מחשב יוצא לדרך... ממש חשוב שצמי""ד ירושלים יראה שיש דרישה לפעילויות פנאי עבורם.","chunk_011 m:39303","",""
"תוכנית Tech4All – אמדוקס","שירותים לבוגרים","תוכנית תעסוקה טכנולוגית / תעסוקה מוגנת / כניסה להייטק","ישראל / אמדוקס ישראל","בוגרים / 18+","תוכנית Tech4All נועדה לסייע בהסרת חסמי כניסה להייטק עבור אנשים עם מוגבלות, דרך צבירת ידע וניסיון תעסוקתי","chunk_020:j18197,j18200","",""
"אודי הלר — התוכנית הלאומית לקידום אוטיסטים בצה""ל","שירותים לבוגרים","פעיל חברתי — תוכנית קידום בצה""ל","","18+","אלו""ט, בשיתוף פעולה עם הפעיל החברתי אודי הלר, מזמינה בוגרים עם אוטיזם למלא סקר צרכים עבור כרטיס 'אזרח/ית עם אוטיזם'!","m:4790","",""
"בית אקשטיין","שירותים לבוגרים","תעסוקה מוגנת","מרכז הארץ (כמעט לא פעיל ירושלים)","בוגרים","ממליצה בית אקשטיין הבן שלי עובד דרך עמותה הזאת כבר הרבה שנים; בית אקשטיין מצוין במרכז הארץ. כמעט לא פעילים ירושלים","chunk_016:j:2175","",""
"בת-עמי - שירות לאומי מחלקה לצרכים מיוחדים","שירותים לבוגרים","שירות לאומי","ירושלים (מרכז חיבא)","18+","יש כאן עוד הורים של בנות בשירות לאומי עם המחלקה לצרכים מיוחדים של בת-עמי?","chunk_013:m45214","",""
"המרכז לחיים עצמאיים","שירותים לבוגרים","מרכז פנאי ומיומנויות","ירושלים","בוגרים","המרכז לחיים עצמאיים מזמין אתכם לשבוע חשיפה לתוכנית חורף תשפ""ד... תיאטרון פסיק, יוגה, כתיבה יוצרת, ספורט מונגש, אפיה ובישול, הגנה עצמית.","chunk_019:j15427","",""
"חוברים","שירותים לבוגרים","קבוצות חברתיות","ירושלים ועוד (חיפה, אשדוד, כפר סבא, רעננה, ראש העין, אלקנה, צור יגאל)","15-19 ו-20+","קבוצת חוברים מגיעה לירושלים! קבוצות חברתיות לנוער (גילאי 15-19) ולבוגרים (גילאי 20+) בירושלים, רחוב סן מרטין 5","chunk_016:j:3046","",""
"מורי נהיגה לצעירים על הרצף — ירושלים","שירותים לבוגרים","נהיגה","ירושלים","בוגרים צעירים","מורה נהיגה זאב מצויין לצעירים על הרצף מומלץ; רויטל מורה נהיגה לצעירים על הרצף; תרשישה מורה נהיגה מומלצת מאד לצעירים על הרצף מלמדת בנות; זיו — מורה לנהיגה לחברה עם אוטיזם איזור ירושלים","chunk_024 j:35315-35322","",""
"מכון חיבו""ק — הכשרה לתעסוקה לאוטיסטים","שירותים לבוגרים","הכשרה לקריירה ותעסוקה","ישראל","21+","מדובר על הקמת מכון חיבו""ק, מכון לאומי להכשרה לקריירה ולתעסוקה עבור בוגרים על הספקטרום האוטיסטי. אנחנו מתכננים האקתון ב-25/8","chunk_017:j:6953","",""
"מכינה לחיים מיולי – הדספייס","שירותים לבוגרים","מכינה לחיים עצמאיים","ישראל","נוער ובוגרים צעירים","לא מוותרת. הוועדה האחרונה הבן ממש לא היה מוכן לשתף פעולה... הלכנו לנורולוג פרטי 4000 שקל, פסיכיאטר פרטי... ועוד 7000 שקל לעו""ד.","chunk_019:j14482-14483","",""
"מכללות תעסוקתיות","שירותים לבוגרים","הכשרה מקצועית","ארצי","צעירים ובוגרים","נוספו מכללות תעסוקתיות נוספות. כך שכיום השירות בפריסה ארצית. מטרת השירות להכין צעירים וצעירות לעולם התעסוקה","chunk_023 j:29933","",""
"מרכז הזדמנויות ירושלים","שירותים לבוגרים","מרכז שיקום ותעסוקה","ירושלים","בוגרים","תפני למרכז הזדמנויות ירושלים","chunk_011 m:39096","",""
"מרכז לחיים עצמאיים — ירושלים","שירותים לבוגרים","מרכז לחיים עצמאיים ופנאי","ירושלים, רחוב סן מרטין 5","18-55","בירושלים יש גם מרכז לחיים עצמאיים. כדי לקדם את הנושא אשמח להורים נוספים שיעזרו להרים את הפרויקט","chunk_017:j:6259","",""
"ניסן נתיב","שירותים לבוגרים","תוכנית שיקומית/מגורים","ירושלים ויפו","בוגרים צעירים","עד כמה שאני יודעת ניסן נתיב, בירושלים. פותחו השנה מסלול דומה גם בירושלים.","chunk_020:j18689,j18690","",""
"עמות שיח סוד","שירותים לבוגרים","דיור חרדי / דתי לבוגרים","ישראל","18+","התקשרתי לשיח סוד. כנראה הוא לא יסכים למקום חרדי. אולי מכירים מקומות דתיים?","chunk_021:j:23066","",""
"עמותת רעות","שירותים לבוגרים","ליווי תעסוקתי","ארצי","בוגרים","לנו עזרו עמותה שכולו טוב ועמותת רעות","chunk_023 j:30427","",""
"ענבר — קבוצות זוגיות לאנשים על הרצף","שירותים לבוגרים","קבוצות לזוגיות והיכרויות","תל אביב, נתניה, ירושלים (אחרי פסח 2023)","18+","ב""ה אנחנו פותחים קבוצה לזוגיות (מטעם ענבר) בירושלים אחרי פסח! מקווה מאוד שתגענה בנות לקבוצה","chunk_018:j:10705","",""
"צמי""ד ירושלים","שירותים לבוגרים","שירות עירוני לאנשים עם מוגבלות","ירושלים","18+","הצלחתי לקדם באופן משמעותי יחד עם צמי""ד ירושלים מטעם העיריה, פתיחת קורס יישומי מחשב עבור הבוגרים שלנו.","chunk_022:j:26239","",""
"קבוצת הכנה להיכרויות 'רעים' — מינהל קהילתי גינות העיר","שירותים לבוגרים","קבוצת מיומנויות חברתיות","גינות העיר, ירושלים","מבוגרים","רעים פותחת קבוצה להכנה להיכרויות. מיועדת לא.נשים עם רקע של לקויות תקשורת בתפקוד גבוה. ימי חמישי, 19:00-20:30. מינהל קהילתי גינות העיר.","m:24110","",""
"רואים רחוק — יחידה צבאית לאוטיסטים","שירותים לבוגרים","שירות צבאי / לאומי","קרית אונו (קורסים)","בוגרים 18-26","ברואים רחוק הציעו 4 תפקידים: פענוח תצלומי אוויר, תכנות, מידענות ואלקטרואופטיקה... קורסים בין 3-4 חודשים בקרית אונו ולאחר מכן שיבוצים ביחידה","chunk_024 j:34029","",""
"שק""ל – מרכז שיקום ירושלים","שירותים לבוגרים","שיקום","ירושלים","בוגרים","צוות שק""ל","chunk_011 m:39124","",""
"תוכנית אשנב – מכללת הדסה","שירותים לבוגרים","תוכנית טרום שיקום לנפשי","ירושלים – מכללת הדסה","בוגרים","אם נפשי אז אפשר תוכנית אשנב במכללת הדסה בירושלים... מותאם ספציפית לנפשי עם תוספת הכנה ללימודים גבוהים.","chunk_019:j14291,j14554","",""
"תוכנית טל – מכון גל","שירותים לבוגרים","תוכנית טרום שיקום לאוטיסטים","ירושלים – מכון גל","בוגרים (18+)","תוכנית טל מותאמת ספציפי לספקטרום. אם אוטיזם אפשר תוכנית טל במכון גל בירושלים.","chunk_019:j14556,j14291","",""
"תוכנית מגמה לעתיד","שירותים לבוגרים","תוכנית המשך לחינוך מיוחד","","18-21","תכנית מגמה לעתיד הינה תכנית המשך לתלמידים המסיימים י""ב בחינוך המיוחד... 3 שנים המכשירה לחיים עצמאים ובסופה מקבלים הסמכה טכנולוגית בתקשוב ניהול רשתות מחשבים","m:17325","",""
"תוכנית תתקדמו","שירותים לבוגרים","גיוס צבאי מותאם","ארצי - צה""ל","18-21 (גיל גיוס)","10 חיילים, 8 בנים ו-2 בנות, עם אוטיזם, סיימו תוך שנה וחצי את בה""ד 1 הודות לתוכנית 'תתקדמו'.","chunk_021:j:23382","",""
"תיירות נגישה — יד שרה","שירותים לבוגרים","נגישות ותיירות","ארצי","כל הגילאים","תיירות נגישה מבית יד שרה מעמידה לרשותכם מעטפת לוגיסטית ורפואית מלאה, המותאמת אישית לצרכים שלכם","chunk_024 j:35284","",""
"תעסוקה שווה","שירותים לבוגרים","תעסוקה","ישראל","בוגרים","ממליצה לחפש דרך 'תעסוקה שווה'","chunk_011 m:39090","",""
"מחלקת צמי""ד — עיריית ירושלים","זכויות ורווחה","מחלקה עירונית / שירותי רווחה עירוניים","ירושלים / ירושלים (שכונות שונות)","כל הגילאים / ילדים ומשפחות","מחלקת צמי""ד בעיירית ירושלים מעוניינת לדעת אילו מענים תרצו שיהיו עבורכם בתחום הפנאי בעיר","chunk_015:m:52394","",""
"גילי פארן – תכנון פיננסי","זכויות ורווחה","יועץ פיננסי","לא מפורט","כל הגילאים","יש קבוצה של הורים לילדים עם מוגבלויות שמנהל אותה גילי פארן, יועץ פיננסי. מדי פעם הם עושים פגישות זום להורים להסבר והדרכה.","chunk_020:j17977,j17985","",""
"המרכז למיצוי זכויות — לשכת רווחה מערב","זכויות ורווחה","מיצוי זכויות","ירושלים, לשכה מערב","כל הגילאים","בלשכה מערב יש את המרכז למיצוי זכויות שאני חושבת שעובדים גם באוגוסט.","m:18099","",""
"הקליניקה המשפטית של מכללת אונו","זכויות ורווחה","ייעוץ משפטי חינמי","הקריה האקדמית אונו","all","הקליניקה המשפטית של מכללת אונו נותנת את השירות בחינם להורים כשהמרכז למשפחה של אלו""ט עושה את הקישור","m:6127","",""
"ועדת דותן","זכויות ורווחה","ועדה ממשלתית","ממשלתי","כל הגילאים","ועדת דותן שקבעה לפני שנה שנדרש בטווח של חמש שנים לסגור את כל ההוסטלים.","chunk_021:j:23112","",""
"לשכת שיקום — משרד הרווחה","זכויות ורווחה","שירותי שיקום ממשלתיים","ירושלים וארצי","18+","מצרפת הזמנה לערב עם עו""סיות מלשכת שיקום בנושא זכויות לאחר גיל 18","chunk_017:j:5778","",""
"מנהל מוגבלויות","זכויות ורווחה","דיור ושירותים","ארצי","בוגרים (18+)","מדובר באחד השירותים הבודדים שמנהל מוגבלויות נותן ללא השתתפות כספית של האדם","chunk_023 j:30264","",""
"מרכז מיצוי זכויות – תחנת רווחה שיקום דרום","זכויות ורווחה","מרכז מיצוי זכויות","ירושלים – דרום","כל הגילאים","אני מציעה להפעיל את עו""ס של מרכז מיצוי זכויות בתחנת רווחה שיקום דרום.","chunk_019:j14258","",""
"עו""ד דורון בורשטיין","זכויות ורווחה","עורך דין","אפרת","בוגרים","עו""ד דורון בורשטיין תושב אפרת וגם אבא לילד צמי""ד על הספקטרום – הוא בעל מומחיות גבוהה ונסיון רב מאד בכל ענייני הנדלן, הירושות, הקניין, מס הכנסה.","chunk_019:j14440","",""
"עו""ד דיאנה בארון (אלו""ט)","זכויות ורווחה","עו""ד אלו""ט — חינוך","אלוט","all","עו""ד דיאנה בארון, אחראית תחום חינוך באגף לקידום זכויות, חטיבת קהילה באלו""ט","m:528","",""
"עו""ד דיאנה — אלו""ט","זכויות ורווחה","ייעוץ משפטי","ישראל","בוגרים ומשפחות","תבקשי באלוט מישהי בשם דיאנה.. היא עורכת דין וכן מקצועית ומקסימה.","m:28718","",""
"עו""ד רחל בן עזרא","זכויות ורווחה","עורכת דין","לא צוין","בוגרים","עוד רחל בן עזרא [מוזכרת כחלופה עם מחירים צנועים]","chunk_015:m:52510","",""
"עו""ד רחל סגל — עמותת קשר","זכויות ורווחה","ייעוץ משפטי","ירושלים","ילדים ומשפחות","עו""ד רחל סגל, מנהלת מרכז סיוע ומיצוי זכויות בעמותת קשר — הבית של המשפחות המיוחדות.","m:29459","",""
"שפ""י - שירות פסיכולוגי-ייעוצי משרד החינוך","זכויות ורווחה","שירות חינוכי","ארצי","ילדים ונוער","מוקד משרד החינוך – שפ""י: ניתן לפנות ליועצת או פסיכולוג/ית בית הספר. במצבים דחופים, יש הפניה מהירה","chunk_013:m46187","",""
"אלי""ן — הדרכת שחייה","קייטנות ופנאי","הדרכת שחייה מותאמת","ירושלים","","שחיה - ההדרכה באלי""ן טובה ומותאמת לספקטרום","chunk_017:j:7024","",""
"בית האמנים ברחובות — קבוצת אמנות לנוער על הרצף","קייטנות ופנאי","קבוצת אמנות לנוער על הרצף","רחובות","12-18","בבית האמנים ברחובות, מתוכננת להתחיל קבוצה ייחודית וקטנה לנערים ונערות בחטיבת הביניים, בתפקוד גבוהה, על הרצף","m:10872","",""
"היכל פיס לתרבות ולאמנויות – פסגת זאב","קייטנות ופנאי","מרכז תרבות","ירושלים – רחוב עמנואל מורנו 22, פסגת זאב","כל הגילאים","יש לי זוג כרטיסים להצגה מומלצת מאוד: 'איך יוצאים מכאן' (בנושא התמודדות על הרצף), מחר 19/02/2024 בשעה 11:30 בהיכל פיס לתרבות ולאמנויות, פסגת זאב.","chunk_020:j18945","",""
"חוג אומנות במוזיאון ישראל — נוער על הרצף","קייטנות ופנאי","חוג אומנות","מוזיאון ישראל, ירושלים","12-18","חוג אומנות במוזיאון ישראל לבני נוער על הרצף, בימי רביעי 17:00-19:00, כיתות ז-יב. עלות שנתית 850 ש""ח.","m:19263, m:20025","",""
"חוגי מוזיאון ישראל","קייטנות ופנאי","חוגים למשתלבים","ירושלים","6-18","פעם היה אופק צעירים ובוטל. ממליצה מאוד על החוגים של מוזיאון ישראל","m:13423","",""
"חוות הנוער — כלביה טיפולית","קייטנות ופנאי","טיפול בעזרת בעלי חיים","ירושלים (לא רמות)","ילדים ונוער","יש בחוות הנוער כלביה טיפולית נחמדה. אבל זה לא רמות.","m:18762","",""
"כנפיים של קרמבו","קייטנות ופנאי","תנועת נוער","ירושלים (בקעה, סניפים נוספים)","נוער","יש פעילות של כנפיים של קרמבו באחד הסניפים בימי שני. הבת שלי נמצאת בסניף שהפעולה בו היא ברביעי, נראה לי הסניף בבקעה","chunk_015:m:53016","",""
"להקת ויסות חושי","קייטנות ופנאי","להקה מוזיקלית לאנשים על הרצף","מת""נ נווה עופר תל אביב / הופעות ירושלים","מגוון","להקת ויסות חושי מורכבת מנגנים על הרצף האוטיסטי, צרכים מיוחדים וכאלה שלא. ההופעה הקרובה בנוקטורנו ירושלים בספטמבר.","chunk_021:j:22443","",""
"נופשון שכולו טוב שומר שבת","קייטנות ופנאי","נופשון שומר שבת","","all","אירגון שכולו טוב מארגן בדרך כלל נופשונים ללא שמירת שבת. הפעם הם עושים נופשון שומר שבת... ממליצה בחום","m:6709","",""
"עוטפים באהבה — ירושלים","קייטנות ופנאי","ארגון פנאי ואירועים","ירושלים","","שמחים להזמינכם למסיבת ט""ו בשבט של 'עוטפים באהבה'. ליאת אהרוני וצוות עוטפים באהבה י-ם","chunk_018:j:10101","",""
"עין יעל — רכיבה טיפולית","קייטנות ופנאי","רכיבה טיפולית","ירושלים","ילדים ומתבגרים","האם מישהי מכירה מקום לרכיבה טיפולית בנוסף לעין יעל.","m:30145","",""
"קבוצת בוגרים ובוגרות על הרצף — ענת אלפי גולדשטיין","קייטנות ופנאי","קבוצה חברתית","ירושלים","בוגרים (21+)","אנחנו מספר אמהות מתנדבות שהקמנו קבוצת בוגרים ובוגרות על הרצף כדי להניע מפגשים חברתיים (ללא פן טיפולי) וליצור קבוצות שווים","chunk_023 j:29757","",""
"שק""ל - ניסן נתיב","קייטנות ופנאי","לימודי תיאטרון מותאמים","ירושלים","18+","ניסן נתיב – מסלול לימודי משחק של שנתיים בקבוצה ייחודית לבעלי מוגבלויות.","chunk_022:j:26780","",""
"תיאטרון נורית קציר","קייטנות ופנאי","תיאטרון וביטוי","ירושלים","בוגרים","הקבוצה נפלאה! התיאטרון נהדר מומלץ בחום, בני אסף רק מחכה לחזור לפעילות","chunk_024 j:31159","",""
"Di-Store - חנות אביזרי ויסות חושי","ציוד ועזרים","אביזרי ויסות חושי וריפוי בעיסוק","ישראל","ילדים ומבוגרים","מי שנרשמת מקבל קוד קופון לחנות די-סטור של שרון כץ, חנות של אביזרים לויסות חושי וריפוי בעיסוק","chunk_013:m45353","",""
"בנק כפיר – רב קו לנכים","ציוד ועזרים","כרטיס נסיעה מוזל","ארצי","כל הגילאים","כדי לקבל הנחה של 50 אחוז כנכה צריך להציג בכפיר/רב קו תעודת נכה + תעודת זהות + ספח ואז הם משנים את הפרופיל בהתאם.","chunk_019:j15008","",""
"חנות אייזלר — ירושלים","ציוד ועזרים","חנות נעליים","ליד השוק, ירושלים","ילדים","יש ליד השוק בירושלים חנות בשם אייזלר. כדאי לבוא עם הפניה","chunk_015:m:52826","",""
"יעל ברקן – שמיכות כובד","ציוד ועזרים","שמיכות כובד","ישראל","כל הגילאים","הסיבה שאני ממליצה על יעל ברקן היא שהשמיכות שלה ללא מילוי נוסף, וזה אומר שאפשר להתכסות גם בקיץ בלי למות מחום.","chunk_011 m:39651","",""
"ליסה — מכון מדרסים בית שמש","ציוד ועזרים","מדרסים ואורתופדיה","בית שמש","ילדים ונוער","ממליצה על מכון מדרסים בבית שמש של ליסה. א.אורתופדיה, היא לא מוכרת נעליים אלא מתאימה מדרסים","chunk_015:m:52825","",""
"מודיל — מיטות מותאמות","ציוד ועזרים","יצרן מיטות מותאמות","","all","מאווווווד ממליצה על מודיל. מיטה מותאמת למשקלים גבוהים יש גם סולם וגם דיקט עבה... השירות נפלא והמחירים גם טובים","m:15265","",""
"מזרני ירושלים / רהיטי אפריון","ציוד ועזרים","מזרנים ורהיטים","ירושלים","all","ממליצה על 'מזרני ירושלים' שנקראים גם 'רהיטי אפריון' ממש בין אלקטרוסליל ובין הכל לפנאי","m:15254","",""
"נומימי — שמיכות כבדות","ציוד ועזרים","שמיכות כבדות לוויסות חושי","","all","יש בנומימי משקל 11 ו13 קילו, ה13 עולה 600 ש""ח","m:5923","",""
"ד""ר אלכס גולדשטיין","אבחון והערכה","פסיכיאטר מבוגרים","חיפה / כרמיאל / משגב / הקריות","18+","אבחון הפרעה על הרצף האוטיסטי במבוגרים + ADHD","web-research: perplexity sonar-pro","",""
"צומת לב — מרכז לאבחון וטיפול רגשי","אבחון והערכה","מרכז רב-תחומי","חיפה","כל הגילאים","אבחונים ADHD, פסיכודידקטי, אוטיזם, דידקטי, MOXO","web-research: perplexity sonar-pro","",""
"ד""ר יאיר ווליוביץ","אבחון והערכה","נוירולוג ילדים / רופא התפתחותי","הרצליה (רח' דוד המלך 1)","3-6, 6-13, 13-18","נוירולוג ילדים, התפתחות הילד, אבחון אוטיזם ו-ADHD","web-research: perplexity sonar-pro + medreviews/infomed","",""
"רונית קאופמן","טיפולים ומטפלים","פסיכולוגית","חיפה והכרמל","כל הגילאים","פסיכולוגית — גם אונליין","web-research: perplexity sonar-pro","",""
"יוסי כץ","טיפולים ומטפלים","פסיכולוג מומחה","חיפה והכרמל","כל הגילאים","פסיכולוג מומחה — גם אונליין","web-research: perplexity sonar-pro","",""
"אלה שניידרמן","טיפולים ומטפלים","פסיכולוגית קלינית","חיפה והכרמל","כל הגילאים","פסיכולוגית קלינית — גם אונליין","web-research: perplexity sonar-pro","",""
"דפנה בר שביט","טיפולים ומטפלים","פסיכולוגית קלינית","חיפה","כל הגילאים","פסיכולוגית קלינית בחיפה","web-research: perplexity sonar-pro","",""
"ציפי חיימוביץ","טיפולים ומטפלים","פסיכולוגית התפתחותית","חיפה","3-6, 6-13","פסיכולוגית התפתחותית בחיפה","web-research: perplexity sonar-pro","",""
"שירן בנימין","טיפולים ומטפלים","פסיכולוגית התפתחותית","חיפה","3-6, 6-13","פסיכולוגית התפתחותית בחיפה","web-research: perplexity sonar-pro","",""
"ד""ר נינה ייחילביץ","אבחון והערכה","רופאת ילדים / נוירולוגיה / התפתחות הילד","נתניה (מרכז פנינה, חיים לבנון 1)","3-6, 6-13, 13-18","רופאת ילדים, נוירולוגיה והתפתחות הילד","web-research: perplexity sonar-pro + medreviews","",""
"ד""ר עאידה הייב חלייחל","אבחון והערכה","נוירולוג ילדים / התפתחות הילד","נתניה (מרכז פנינה, חיים לבנון 1)","3-6, 6-13, 13-18","נוירולוגיה ילדים והתפתחות הילד","web-research: perplexity sonar-pro","",""
"ד""ר חוסאם בדראנה","אבחון והערכה","נוירולוג ילדים","בנימינה (שרון) / צפת","3-6, 6-13, 13-18","נוירולוג ילדים, אבחון אוטיזם","web-research: perplexity sonar-pro","",""
"ד""ר ענת בן ששון","אבחון והערכה","נוירולוג ילדים","בנימינה (הטחנה 42) / שרון","3-6, 6-13, 13-18","נוירולוגיה ילדים — מופיעה בהמלצות לאבחון אוטיזם","web-research: perplexity sonar-pro","",""
"ד""ר רונן חדי כהן","אבחון והערכה","פסיכיאטר / התפתחות הילד","רעננה (מרפאת מומחים רב-מקצועית, התעשייה 5)","6-13, 13-18","פסיכיאטריה והתפתחות הילד","web-research: perplexity sonar-pro","",""
"ד""ר הדס מאירסון","אבחון והערכה","נוירולוגית ילדים / התפתחות הילד","תל אביב (דנה-דואק, איכילוב) + קליניקה פרטית","3-6, 6-13, 13-18","נוירולוגיה ילדים והתפתחות הילד, אבחון התפתחותי","web-research: perplexity sonar-pro","",""
"ד""ר נירית כרמי","אבחון והערכה","רופאה התפתחותית","אבן יהודה (שרון) — פרטי","3-6, 6-13","התפתחות הילד — קליניקה פרטית","web-research: perplexity sonar-pro","",""
"אלון קליניקה לאבחון תקשורת (אוטיזם)","אבחון והערכה","קליניקה רב-תחומית","נתניה / שרון","כל הגילאים","קליניקה רב-תחומית לאבחון אוטיזם","web-research: perplexity sonar-pro","",""
"שני חן אברמוביץ","טיפולים ומטפלים","קלינאית תקשורת","ערוגות (נגב)","3-6, 6-13","המלצות חמות על מקצועיות ואנושיות","web-research: perplexity sonar-pro + doctorita","",""
"יעל ממן","טיפולים ומטפלים","קלינאית תקשורת","באר שבע","3-6, 6-13","פתרון בעיות עם רגישות וסבלנות","web-research: perplexity sonar-pro + doctorita","",""
"אביה רוחמה אטיאס","טיפולים ומטפלים","קלינאית תקשורת","אשקלון","3-6, 6-13","נעימה ומקסימה לילדים, שיפור למידה","web-research: perplexity sonar-pro + doctorita","",""
"סמדר בניטה","טיפולים ומטפלים","קלינאית תקשורת","אשקלון","3-6, 6-13","המלצות חיוביות","web-research: perplexity sonar-pro + doctorita","",""
"אידה לייזרזון","טיפולים ומטפלים","קלינאית תקשורת","אשקלון","3-6, 6-13","ממליצים עליה","web-research: perplexity sonar-pro + doctorita","",""
"הילה לבנה","טיפולים ומטפלים","קלינאית תקשורת","קריית גת","3-6, 6-13","מקצועית מאוד","web-research: perplexity sonar-pro + doctorita","",""
"ד""ר נחום כץ","אבחון והערכה","פסיכיאטר מבוגרים","תל אביב","18+","פסיכיאטר, מאבחן ASD מגיל 18","web-research: perplexity sonar-pro","",""
"ד""ר מייק סטבסקי","אבחון והערכה","פסיכיאטר","תל אביב (ארנון 8)","18+","פסיכיאטר, לעיתים מאבחן מבוגרים","web-research: perplexity sonar-pro","",""
"מרכז ד""ר טל — אבחון ASD מבוגרים","אבחון והערכה","מרכז אבחון רב-תחומי","תל אביב","18+","אבחון ASD במבוגרים על ידי פסיכולוג קליני + פסיכיאטר, כולל ריאיונות ומבחנים","web-research: perplexity sonar-pro","",""
"מכון אפיקים — אבחון ASD למבוגרים","אבחון והערכה","מכון אבחון","תל אביב / מרכז","18+","אבחון ASD למבוגרים בצוות רב-תחומי. דו""ח מוכר לביטוח לאומי + טיפול","web-research: perplexity sonar-pro","",""
"לואי בשארה","טיפולים ומטפלים","פסיכולוג — דובר ערבית","נצרת / ירכא / תרשיחא","3-6, 6-13","טיפול דיאדי לילדים, דובר ערבית","web-research: perplexity sonar-pro + hebpsy.net","",""
"חנאן אבונופל-סרור","טיפולים ומטפלים","פסיכולוגית — דוברת ערבית","נוף הגליל / נצרת","3-6, 6-13","טיפול דיאדי בנצרת","web-research: perplexity sonar-pro + hebpsy.net","",""
"סוהאד עואודה","טיפולים ומטפלים","פסיכולוגית חינוכית מומחית — דוברת ערבית","נצרת והסביבה","3-6, 6-13","פסיכותרפיסטית + טיפול דיאדי","web-research: perplexity sonar-pro + hebpsy.net","",""
"מכון סמאנא — טיפול ואבחון בין-תחומי","אבחון והערכה","מכון רב-תחומי — דוברי ערבית","נצרת","3-6, 6-13","טיפול ואבחון אוטיזם, פסיכולוגי-חינוכי-התפתחותי","web-research: perplexity sonar-pro","",""
"אניס פרחאת","טיפולים ומטפלים","פסיכולוג — דובר ערבית","כרמיאל / נצרת / עכו","3-6, 6-13","פסיכולוג לילדים","web-research: perplexity sonar-pro + hebpsy.net","",""
"ד""ר נאדיה מסארווה","טיפולים ומטפלים","פסיכולוגית חינוכית מומחית — דוברת ערבית","צפון — דוברי ערבית","3-6, 6-13","מטפלת דיאדית בילדים, פסיכולוגית חינוכית מומחית","web-research: perplexity sonar-pro","",""
"ד""ר שאהין ראדי","אבחון והערכה","נוירולוג","צפת (זיו) — מנהל מחלקת נוירולוגיה","כל הגילאים","מנהל מחלקת נוירולוגיה","web-research: perplexity sonar-pro","",""
"ד""ר עלא אבו סאלח","אבחון והערכה","נוירולוג — דובר ערבית","צפת / קריית שמונה / עפולה","כל הגילאים","נוירולוג מומחה בבית זיו + מרפאות בקריית שמונה ועפולה","web-research: perplexity sonar-pro","",""
"ד""ר פירוז נאסר","אבחון והערכה","רופא מאבחן אוטיזם — דובר ערבית","צפת","3-6, 6-13, 13-18","מוזכר בהמלצות לאבחון אוטיזם בצפת (19 חוות דעת)","web-research: perplexity sonar-pro","",""
"ג'יי מדיקל — פרופ' שלומית שליטין","אבחון והערכה","מרפאה פרטית — התפתחות הילד","פתח תקווה","3-6, 6-13, 13-18","פרופ' שלומית שליטין — התפתחות הילד","web-research: perplexity sonar-pro","",""
"ד""ר אלה קוזמינסקי","אבחון והערכה","נוירולוגית ילדים","מרכז / אונליין","3-6, 6-13, 13-18","נוירולוגיה ילדים","web-research: perplexity sonar-pro","",""
"ד""ר אבי ברכר","אבחון והערכה","רופא ילדים / התפתחות","מרכז / שוהם / אונליין","3-6, 6-13","ילדים והתפתחות","web-research: perplexity sonar-pro","",""
"TA'AL — אפליקציית AI לשילוב אוטיסטים בתעסוקה","ציוד ועזרים","אפליקציה חדשנית","דיגיטלי","18+","אפליקציה ישראלית חדשנית מבוססת AI שמטרתה לסייע בשילוב אוטיסטים בשוק העבודה. מתאימה משימות לפי יכולות העובד, מסייעת בהכוונה, בתיאום ציפיות ובתקשורת עם המעסיק.","web-research: https://portal.macam.ac.il/article/israeli-applications/","",""